dataset_id	sample_id	group	replicate	batch	time_hr	pca_pc1	pca_pc2	outlier_dist	outlier_z_dist	median_corr_to_others	outlier_z_connectivity	outlier_flag	silhouette
GSE139529	SRR10358651	ad.mva	1		24	-13.260168303782917	-14.752754203209934	24.487037057415087	-1.0147034696824266	-0.08844406057431198	-1.3012516020822746	FALSE	0.06272760416710571
GSE139529	SRR10358652	ad.mva	2		24	6.634756248535273	-33.15711516953656	36.30055817702019	-0.19989538105707183	-0.08228780107445699	-1.2184736394263074	FALSE	0.12142157641388755
GSE139529	SRR10358653	ad.mva	3		24	43.587679287527244	28.40356148552563	53.73626375257876	1.0026888264810623	-0.048106971776666604	-0.7588732260211978	FALSE	-0.10515006162480309
GSE139529	SRR10358654	ad.mva	4		24	43.79833396330805	-11.218170376280622	53.19510495651744	0.9653637512729807	-0.028325273008121148	-0.4928856207272977	FALSE	0.1142700324033092
GSE139529	SRR10358655	ad.mva	5		24	33.852724778660274	5.934026013570538	37.519861946387074	-0.11579695149378434	0.016100630507100436	0.1044715540680863	FALSE	0.051032374967644796
GSE139529	SRR10358656	ad.mva	6		24	-3.3553983790154605	-38.486182448986845	40.71879850858188	0.10484170140963041	-0.08679884504173796	-1.2791297942020778	FALSE	-0.13789106741865936
GSE139529	SRR10358657	ad_empty	1		24	64.68737843274991	23.528014901587134	73.20626769845744	2.3455836789177273	-0.05583411923551689	-0.8627735771680147	FALSE	0.030738474837544945
GSE139529	SRR10358658	ad_empty	2		24	-27.19642506365759	39.154140603300426	51.920913379750516	0.8774795723989102	0.04662261399027631	0.5148745932862832	FALSE	0.20404389845888396
GSE139529	SRR10358659	ad_empty	3		24	-2.055579964264133	-29.385258482917948	34.48616877873574	-0.32503835432224193	-0.02696759928066559	-0.4746301418747653	FALSE	-0.07201446583249674
GSE139529	SRR10358660	ad_empty	4		24	8.437566029670867	-8.409574486442457	20.538920509203937	-1.287014939374504	0.05465757702902112	0.6229138775917875	FALSE	0.06469816395847769
GSE139529	SRR10358661	ad_empty	5		24	-20.4976422114977	-0.31300708938567634	26.851457588749856	-0.8516234739437956	-0.04042401364750755	-0.6555670510430524	FALSE	-0.037617623730125414
GSE139529	SRR10358662	ad_empty	6		24	70.86423256602784	40.957109388826645	83.82099681535821	3.0777080858114894	-0.030840256224770553	-0.5267024516768528	TRUE	-0.0481663225243618
GSE139529	SRR10358615	ad_fhbp	1		24	-13.334511492640942	-20.948671815913865	26.906023968950166	-0.8478598942706334	0.02221308610132458	0.18666052302348254	FALSE	-0.30283674595729954
GSE139529	SRR10358616	ad_fhbp	2		24	-13.979504881635513	-15.253631568525327	27.168635438371425	-0.829746924624765	-0.05515725220661609	-0.8536723244279824	FALSE	-0.056384915260862034
GSE139529	SRR10358617	ad_fhbp	3		24	-18.26493089635532	15.405239838870868	26.388601986254173	-0.8835477821124385	0.009869234043420619	0.020683288843534767	FALSE	0.1561219555257392
GSE139529	SRR10358618	ad_fhbp	4		24	-20.18570246006431	17.5383633551205	32.167182699913006	-0.4849846222726664	0.03885458233089776	0.4104245072193206	FALSE	0.15725216223028124
GSE139529	SRR10358619	ad_fhbp	5		24	-16.860089319039506	28.529395773957788	38.69192734806203	-0.034956670258937464	0.08713711322411763	1.059638455934232	FALSE	0.12392677670357509
GSE139529	SRR10358620	ad_fhbp	6		24	17.715410257537616	30.921527042004048	40.6721536933758	0.10162449188018076	0.08725595824388496	1.0612364633945055	FALSE	-0.062169209710069
GSE139529	SRR10358674	ad_pref	1		24	-29.54413879166163	-17.84932012163425	43.319844098499416	0.28424231906552566	-0.06345446843476864	-0.9652379033478892	FALSE	-0.21179673712859023
GSE139529	SRR10358675	ad_pref	2		24	2.490035501674034	8.809080690336025	39.19874774925825	0	-0.08336365402003365	-1.2329397149636292	FALSE	-0.2847177705189363
GSE139529	SRR10358676	ad_pref	3		24	-10.155139153887909	-55.48948418303778	58.14859420443847	1.3070182897684175	-0.023725458890734852	-0.43103584957285523	FALSE	-0.23646717621823085
GSE139529	SRR10358677	ad_pref	4		24	-24.500057131307667	22.57287791627739	36.72630277051282	-0.17053071196695557	0.00833100225629078	0	FALSE	-0.14337023257587408
GSE139529	SRR10358678	ad_pref	5		24	12.953167494331481	2.6461090661147475	63.426629133962955	1.671057555376254	-0.10467539418551502	-1.5195004799205727	FALSE	-0.20532008299253587
GSE139529	SRR10358679	ad_pref	6		24	-30.60061933145922	-1.3375894136808515	36.11008211199283	-0.2130329915038216	-0.08285227740522494	-1.226063670455634	FALSE	-0.2746712201223199
GSE139529	SRR10358633	bex.bex	1		24	-16.92037076827539	43.077316339152475	53.71918183986219	1.0015106442515866	0.07743874197111894	0.9292327422986482	FALSE	0.28872412929096947
GSE139529	SRR10358634	bex.bex	2		24	-15.818474535280874	2.7336671143431355	33.73970218387637	-0.3765240217385941	-0.0427759045266537	-0.6871909186479602	FALSE	0.33210001133564715
GSE139529	SRR10358635	bex.bex	3		24	14.691576980936134	4.039098942569019	41.44656933405683	0.15503787486704643	0.09991109284052346	1.231399247967095	FALSE	0.4477056961129412
GSE139529	SRR10358636	bex.bex	4		24	87.541133704428	23.66938106379467	95.4359263850802	3.87881881870868	-0.005169910928064049	-0.1815352467553237	TRUE	0.17705853782640182
GSE139529	SRR10358637	bex.bex	5		24	-3.0579198662131755	-8.571062214405105	29.419621911788877	-0.6744907594765952	-0.009288500776867336	-0.236914406244542	FALSE	0.33949424131896333
GSE139529	SRR10358638	bex.bex	6		24	-32.81711412483497	43.78322505427884	59.89520870053492	1.4274866585740478	0.058493388625350085	0.6744907594765952	FALSE	0.17093440482816616
GSE139529	SRR10358627	bexsero	1		24	48.654757272509116	-14.365011092347116	58.563262331033144	1.3356189872424116	0.00883535008052323	0.006781534365293631	FALSE	0.10680166064278657
GSE139529	SRR10358628	bexsero	2		24	17.623545603624354	9.536519568433722	40.28403653338241	0.07485508095729393	0.052526965855380206	0.5942653691638715	FALSE	0.4011026143385686
GSE139529	SRR10358629	bexsero	3		24	-31.729394133250143	43.020421865824055	54.58035682355053	1.0609080360475498	0.030513612854078137	0.29827061573976205	FALSE	0.22104187219094124
GSE139529	SRR10358630	bexsero	4		24	-33.949523145774705	32.001673728488086	52.11803961882696	0.8910758619770638	0.07050368705325116	0.8359829829241671	FALSE	0.32278332422947864
GSE139529	SRR10358631	bexsero	5		24	-24.0988978975641	-0.8263388921992795	27.33848552713829	-0.8180319393312353	0.037558873650705024	0.39300221942516034	FALSE	0.32418638278558165
GSE139529	SRR10358632	bexsero	6		24	-17.33568239492046	-3.505944714845902	21.03473974254356	-1.252817047168539	0.009855337965199974	0.02049644015009681	FALSE	0.13027360430098894
GSE139529	SRR10358639	mva.ad	1		24	-16.959918423954075	-7.956693175891808	26.20074679275472	-0.8965046244970188	-0.05625472746243533	-0.8684291367007908	FALSE	0.20332873291442646
GSE139529	SRR10358640	mva.ad	2		24	-0.7232813643652376	-27.929204615283787	44.328107047353235	0.35378473557874945	-0.016562164190323178	-0.33471714481092407	FALSE	-0.20096099838184625
GSE139529	SRR10358641	mva.ad	3		24	-26.26476437588689	-15.43770269035533	35.14345158011724	-0.27970391612572565	0.030932230656587012	0.30389941173577534	FALSE	0.3319127762426481
GSE139529	SRR10358642	mva.ad	4		24	-19.712326434202	-18.790183761882155	35.206760502876826	-0.27533734143352284	0.062463359758226075	0.7278715700467503	FALSE	0.24200850488019818
GSE139529	SRR10358643	mva.ad	5		24	-33.96595461799533	-2.2454903267436217	41.99114481021302	0.19259860704389803	0.018748604392344954	0.1400765969341173	FALSE	0.24980508367910886
GSE139529	SRR10358644	mva.ad	6		24	-9.56846010575227	49.205020216799824	51.36288375188396	0.8389908737395674	0.053591347191144584	0.608577195763398	FALSE	-0.3866354373106989
GSE139529	SRR10358621	mva_fhbp	1		24	-15.237755224873425	-8.510513864902698	22.950916875262195	-1.1206535193625062	0.014325060167585689	0.08059697645145772	FALSE	-0.15197994928552805
GSE139529	SRR10358622	mva_fhbp	2		24	-32.0970160451105	2.5891477638660225	38.04302900531464	-0.07971281138003941	0.1279435605483313	1.6083278951636901	FALSE	-0.2920091309915068
GSE139529	SRR10358623	mva_fhbp	3		24	54.95094378854264	-10.701676654298252	59.39108073293543	1.3927156921920907	0.06902502902905139	0.8161007315812796	FALSE	-0.10491460506740595
GSE139529	SRR10358624	mva_fhbp	4		24	25.320530784720482	-34.68091550467386	46.0988473941852	0.4759171246307766	0.02971548404007741	0.2875388593604931	FALSE	-0.03305503925464958
GSE139529	SRR10358625	mva_fhbp	5		24	52.71007625703096	-17.006315667513416	58.37679933081077	1.322758167909012	0.06675351494567605	0.7855576220891315	FALSE	-0.01139970207574102
GSE139529	SRR10358626	mva_fhbp	6		24	-14.786169265866652	13.753439417693814	27.19747130919349	-0.827758042516671	0.07605452090382375	0.9106203040447274	FALSE	-0.27357926376343217
GSE139529	SRR10358645	none	1		24	5.801046937128429	-25.157346511521506	29.246535423235052	-0.6864289673553086	0.02626444623849012	0.24113570200969378	FALSE	-0.05030851664145459
GSE139529	SRR10358646	none	2		24	-21.58438939217472	-35.209790000025535	42.22208536237823	0.20852715434073543	-0.05193722395574553	-0.8103753551712443	FALSE	-0.06144059268766135
GSE139529	SRR10358647	none	3		24	-7.960977305839787	-10.814393810742857	22.4734335417611	-1.1535867387118863	0.014841147176937833	0.0875363576111356	FALSE	-0.23077284814446417
GSE139529	SRR10358648	none	4		24	89.43077474238788	11.788092328522513	91.23801196754582	3.58927816540697	-0.06216064354979496	-0.9478409453388522	TRUE	-0.32655426462219383
GSE139529	SRR10358649	none	5		24	-20.682024705432017	-27.72102558073841	35.98261406679511	-0.22182478128578623	-0.08888584006700495	-1.3071918335408694	FALSE	-0.04372224477276439
GSE139529	SRR10358650	none	6		24	55.586810620740515	-16.086791308845	58.757895252784756	1.349043306490702	-0.05589906400905075	-0.8636468340601929	FALSE	-0.316750450894247
GSE139529	SRR10358669	tru.tru	1		24	3.9456733317146875	-3.075032436882967	42.71666355524818	0.24263944888256955	-0.09219465399320906	-1.3516826279307614	FALSE	0.14678154243857072
GSE139529	SRR10358670	tru.tru	2		24	-27.059697076171684	-9.839179967911688	35.18830949235324	-0.27660995376186404	-0.11126778518603567	-1.6081427303110065	FALSE	-0.09495151273248291
GSE139529	SRR10358671	tru.tru	3		24	-12.11038199774417	-25.43308707943639	33.46466736020544	-0.3954938611888165	-0.09373952922598847	-1.3724552455129402	FALSE	0.11718855027644215
GSE139529	SRR10358672	tru.tru	4		24	-12.652657338804351	18.707790628016358	30.761173010255337	-0.581960625973838	0.03266721913369499	0.327228319714713	FALSE	0.019321191310674033
GSE139529	SRR10358673	tru.tru	5		24	19.604301488123554	-18.500316250075862	35.24411611107511	-0.2727608317369373	-0.07490527844587541	-1.1192071639845307	FALSE	0.1872227509816731
GSE139529	SRR10358663	trumenba	1		24	-13.813031454135894	-35.44165222057919	39.5889621184661	0.026914060685999972	-0.11108842523985381	-1.6057310303286767	FALSE	-0.1485682286753476
GSE139529	SRR10358664	trumenba	2		24	-29.958307669625018	-0.2789043128817729	37.59631721545168	-0.11052364042749417	-0.002886203872109031	-0.15082818877645415	FALSE	0.08758597838907026
GSE139529	SRR10358665	trumenba	3		24	-28.667445203971297	17.749721839439285	37.98407859815111	-0.08377876835411109	0.013307031786206167	0.06690841843363311	FALSE	0.09400954285994831
GSE139529	SRR10358666	trumenba	4		24	-15.37888245623664	34.08948386717175	43.050104285332814	0.2656376897287487	-0.01902538666218299	-0.36783799324068145	FALSE	-0.16945550103512783
GSE139529	SRR10358667	trumenba	5		24	-31.803540676392576	19.601048287544906	42.4285800463436	0.22276960898653048	0.05233014999420063	0.5916189544038685	FALSE	0.0044574977801620595
GSE139529	SRR10358668	trumenba	6		24	29.621809309009073	-9.059162086894771	55.2361503829598	1.1061397575017327	-0.12171921349685125	-1.7486741589219332	FALSE	-0.4092504903547239
GSE166655	SRR13694562	delivery_aav9_ar45	1		672	-29.128282198099583	11.189617302573998	31.203595292693286	-0.6744907594765952	9.585175229261111e-7	4.212897642490189	FALSE	-0.10766704557657476
GSE166655	SRR13694563	delivery_aav9_ar45	2		672	-23.492593551825454	5.003679640570547	24.019549573976878	-1.4954422209228162	-0.006658892290262996	3.953994724254549	FALSE	-0.1595350228300279
GSE166655	SRR13694564	delivery_aav9_ar45	3		672	-37.07720748969504	1.4610051659246786	37.10598134167535	0	-0.033643115791557425	2.9049781002424444	FALSE	-0.1849298189962808
GSE166655	SRR13694565	delivery_aav9_gfp	1		672	-34.27172334214499	5.2520560007438615	34.67182015809781	-0.27816195209441036	-0.11371558603120369	-0.20785382553351994	FALSE	0.08232491093035392
GSE166655	SRR13694566	delivery_aav9_gfp	2		672	-39.34428721731804	-4.0269814069545875	39.54983585162872	0.27926964972971025	-0.10836888898617111	0	FALSE	0.12430032933414575
GSE166655	SRR13694567	delivery_aav9_gfp	3		672	-30.82489410006825	-9.130249813572712	32.14864783997406	-0.5664955851401704	-0.1190237673479113	-0.4142103450839021	FALSE	0.06698998091760489
GSE166655	SRR13694568	delivery_untreated	1		672	61.55404239484671	-36.46750843937605	71.54564491932786	3.9355668453125694	-0.12571905197373523	-0.6744907594765952	TRUE	0.7982351543292298
GSE166655	SRR13694569	delivery_untreated	2		672	74.36022309315817	57.44013015130147	93.96175461464469	6.4971510465886695	-0.07861008680996882	1.1568788774680243	TRUE	0.7704656100734532
GSE166655	SRR13694570	delivery_untreated	3		672	58.224722411146786	-30.721748601211267	65.83269808363562	3.282724110513815	-0.11368162837433735	-0.20653371541200466	TRUE	0.8258475177181416
GSE167521	SRR13783173	baseline_0	1		24	-29.745798185061552	0	29.745798185061556	-0.6631528400806045	-0.6185770462324431	-0.7833660077087543	FALSE	0.7961296214749864
GSE167521	SRR13783175	baseline_0	2		24	-29.709583645448575	0	29.70958364544858	-0.6858286788725858	-0.595673056696052	0.1737667836676694	FALSE	0.7957835406684153
GSE167521	SRR13783177	baseline_0	3		24	-35.447785332819215	0	35.44778533281922	2.907162915367198	-0.6133663219343125	-0.565615511244436	FALSE	0.8070849060504398
GSE167521	SRR13783179	baseline_0	4		24	-30.210936133746205	0	30.21093613374621	-0.3719053672941108	-0.550520872457537	2.0606274141393754	FALSE	0.7668500690182709
GSE167521	SRR13783174	delivery_lnp	1		24	21.77854538446992	0	21.778545384469915	-5.651871240256995	-0.6185770462324431	-0.7833660077087543	FALSE	0.8075811594084275
GSE167521	SRR13783176	delivery_lnp	2		24	31.398842061258296	0	31.398842061258293	0.3719053672941108	-0.6039894630103173	-0.1737667836676694	FALSE	0.8055944142863347
GSE167521	SRR13783178	delivery_lnp	3		24	40.29526342612274	0	40.29526342612273	5.942425353220229	-0.595673056696052	0.1737667836676694	TRUE	0.7778225636658572
GSE167521	SRR13783180	delivery_lnp	4		24	31.641452425224625	0	31.64145242522462	0.5238165488625475	-0.550520872457537	2.0606274141393754	FALSE	0.7904768442891106
GSE178313	SRR14828049	mouse_repopulated_lnp	1		48	-30.953422033200635	-6.2808865181847215	32.046499298528694	-0.0885851945725826	0.030658505076754022	0.8152481985167113	FALSE	0.014367748862476276
GSE178313	SRR14828062	mouse_repopulated_lnp	2		48	26.586474213262914	-3.5645539460888194	32.365841773695486	-0.03289795090832287	0.016274870117178323	0.5337333204364791	FALSE	0.053028659100406016
GSE178313	SRR14828063	mouse_repopulated_lnp	3		48	20.834686506013405	-4.637753396199973	22.793917455725445	-1.7020591908976106	0.016274870117178323	0.5337333204364791	FALSE	0.08478423825627736
GSE178313	SRR14828064	mouse_repopulated_lnp	4		48	0.4397410633178917	-3.969238409496159	8.414168989986681	-4.209613365218204	-0.010995536687866635	0	FALSE	0.1073964426150955
GSE178313	SRR14828048	mouse_repopulated_pbs	1		48	-31.57755255607179	-5.9082931910742	32.743153070850674	0.03289795090832287	-0.010995536687866635	0	FALSE	-0.2199966620775719
GSE178313	SRR14828059	mouse_repopulated_pbs	2		48	-0.8448721323654249	38.79909199137667	39.24767984803406	1.167163498804909	-0.08034295660103251	-1.3572598662924793	FALSE	-0.00561468656089944
GSE178313	SRR14828060	mouse_repopulated_pbs	3		48	12.856231810907742	-11.441619330109345	36.36494061664205	0.6644686978229786	-0.06731331484270567	-1.1022451901460621	FALSE	-0.053847295529656385
GSE178313	SRR14828061	mouse_repopulated_pbs	4		48	2.6587131281358922	-2.9967472002234725	36.47988507300753	0.6845128211302118	-0.066509722866472	-1.086517378792989	FALSE	-0.0032310313934493895
GSE262515	SRR28462972	baseline_0	1		72	-42.74458274542144	0	42.744582745421454	-0.6744907594765952	0.026189288468472717	0	FALSE	-0.30779035709390223
GSE262515	SRR28462973	baseline_0	2		72	-44.650762655564776	0	44.65076265556479	-0.28091137817976664	0.053074571479918745	0.22036467855515543	FALSE	-0.253023477753508
GSE262515	SRR28462974	baseline_0	3		72	-44.107270410675966	0	44.10727041067598	-0.39312919159008497	0.06256659311058041	0.2981658419124028	FALSE	-0.23420100679574515
GSE262515	SRR28462981	baseline_0	4		72	56.184990115175786	0	56.18499011517577	2.100623587713993	-0.19966454046247675	-1.8512063418350768	FALSE	-0.9186352854958578
GSE262515	SRR28462982	baseline_0	5		72	57.33403057373869	0	57.33403057373867	2.337872249479715	-0.1971140280108188	-1.8303011180990556	FALSE	-0.9215573376037229
GSE262515	SRR28462983	baseline_0	6		72	56.02619096733921	0	56.0261909673392	2.0678354599914197	-0.19922103367918872	-1.8475711474540213	FALSE	-0.9242222581018747
GSE262515	SRR28462966	delivery_tlnp_sihbv_1mg_kg	1		72	-46.31971198939745	0	46.31971198939746	0.0636857098129526	0.10847958597000573	0.6744907594765952	FALSE	0.1974116494347899
GSE262515	SRR28462967	delivery_tlnp_sihbv_1mg_kg	2		72	-46.01126996632024	0	46.011269966320256	0	0.06348350672740702	0.3056813058317827	FALSE	0.1735116109112762
GSE262515	SRR28462968	delivery_tlnp_sihbv_1mg_kg	3		72	-45.79625894974166	0	45.79625894974168	-0.04439449939992072	0.09203982365781235	0.5397425801136582	FALSE	0.2170497566701012
GSE262515	SRR28462963	delivery_tlnp_sihbv_2_5mg_kg	1		72	-41.38729726737787	0	41.38729726737788	-0.9547369082524417	0.036384961194829035	0.08356862533455743	FALSE	0.24776027371410245
GSE262515	SRR28462964	delivery_tlnp_sihbv_2_5mg_kg	2		72	-43.10201555001245	0	43.10201555001247	-0.6006896553218761	0.027162553876133734	0.007977350233462795	FALSE	0.09000907023940226
GSE262515	SRR28462965	delivery_tlnp_sihbv_2_5mg_kg	3		72	-44.3264094707845	0	44.32640947078451	-0.34788235248715954	0.1872913475804136	1.3204697698611678	FALSE	0.06852211714496888
GSE262515	SRR28462975	delivery_tlnp_sihbv_50nm	1		72	62.049901114016066	0	62.04990111401605	3.311583807156736	-0.20364534055617095	-1.8838348893071561	TRUE	-0.05253682806879516
GSE262515	SRR28462976	delivery_tlnp_sihbv_50nm	2		72	58.43963924465262	0	58.439639244652604	2.5661533127409437	-0.19935887899088434	-1.84870099376396	FALSE	0.03441249434237155
GSE262515	SRR28462977	delivery_tlnp_sihbv_50nm	3		72	59.16955791478621	0	59.169557914786196	2.7168636087940485	-0.20047129061957586	-1.857818853184419	FALSE	-0.003622498216791089
GSE262515	SRR28462969	delivery_tlnp_sinc_1mg_kg	1		72	-42.96418596418039	0	42.9641859641804	-0.629148083000984	0.07750311195979762	0.4205927166281894	FALSE	-0.05232003148537804
GSE262515	SRR28462970	delivery_tlnp_sinc_1mg_kg	2		72	-45.923034578016036	0	45.92303457801605	-0.018218442735892307	0.003852769145655686	-0.1830808289620029	FALSE	-0.12627707474928415
GSE262515	SRR28462971	delivery_tlnp_sinc_1mg_kg	3		72	-44.788934701012664	0	44.78893470101268	-0.25238224099260165	0.09132078887785555	0.5338490260793674	FALSE	0.027135365892339693
GSE262515	SRR28462978	delivery_tlnp_sinc_50nm	1		72	60.29833159672361	0	60.29833159672359	2.9499276784534842	-0.20041584485743313	-1.8573643931161867	FALSE	0.06889369119803884
GSE262515	SRR28462979	delivery_tlnp_sinc_50nm	2		72	60.99983759398031	0	60.999837593980295	3.0947714546926046	-0.19390786207153982	-1.8040218438097388	TRUE	-0.014350437887894746
GSE262515	SRR28462980	delivery_tlnp_sinc_50nm	3		72	61.619255128093215	0	61.6192551280932	3.2226659774201223	-0.20397573612869657	-1.8865429699364231	TRUE	-0.057154558205364275
GSE264344	SRR28740119	baseline_0	1		0	-46.98228533289458	-10.737315856707031	48.193620811350264	1.2533695232018285	-0.2690732077666996	-1.5338427898974742	FALSE	0.05437332695062504
GSE264344	SRR28740120	baseline_0	2		0	-46.85994169551285	-8.660510950763804	47.653526476381195	1.1822400949212635	-0.27415282585024275	-1.585735456784014	FALSE	0.061553864309688316
GSE264344	SRR28740121	baseline_0	3		0	-48.492764648505265	-10.987894205852339	49.72204784936281	1.454660546535031	-0.265518735846554	-1.4975308026031433	FALSE	0.06535864234579093
GSE264344	SRR28740122	baseline_0	4		0	-47.746036973827785	-10.408646340860455	48.867412100041044	1.3421065938243981	-0.2758150353315787	-1.6027163560350948	FALSE	0.0563519191126338
GSE264344	SRR28740123	baseline_0	5		0	-48.397824488222895	-10.10435545883053	49.44135328276549	1.4176935895595026	-0.2725777848608818	-1.5696450586380688	FALSE	0.06602005937115493
GSE264344	SRR28740124	baseline_0	6		0	7.373009870037494	29.869562668041375	30.766086012421557	-1.0418046830938907	-0.10497429489976881	0.1425687201401337	FALSE	0.15084535307170996
GSE264344	SRR28740125	baseline_0	7		0	8.131601362580707	30.950072130026854	32.00046727117886	-0.8792389468310221	-0.12744120261720981	-0.08695006237009992	FALSE	0.12879303477158527
GSE264344	SRR28740126	baseline_0	8		0	3.271061350435879	32.505385613027386	32.669556718907636	-0.7911210999955576	0.038316448016451746	1.6064068803684333	FALSE	0.15934162784142536
GSE264344	SRR28740127	baseline_0	9		0	5.9222032716699555	32.02139506852976	32.56443203444274	-0.8049658271478821	-0.04545037713285642	0.7506567270844686	FALSE	0.1630382944623629
GSE264344	SRR28740128	baseline_0	10		0	9.840558549147566	29.427193146873634	31.028958878161024	-1.0071848112679942	-0.09633749936989713	0.23080101359755134	FALSE	0.15814860258141328
GSE264344	SRR28740199	baseline_0	11		0	34.52875732986947	-15.577194462831066	37.8798636491457	-0.10493328220383318	-0.07415278143589897	0.45743698480383554	FALSE	-0.04865903732099461
GSE264344	SRR28740200	baseline_0	12		0	34.39055923731042	-16.567086704457076	38.17301306588145	-0.06632604442491961	-0.09303718877955641	0.26451652434461337	FALSE	-0.05559783576975971
GSE264344	SRR28740201	baseline_0	13		0	34.08523818101057	-16.240290907077906	37.75646316331467	-0.12118489870561999	-0.08519562371740019	0.34462485472439724	FALSE	-0.04992341321887174
GSE264344	SRR28740202	baseline_0	14		0	34.05033487294363	-18.085949444963855	38.555503787207726	-0.015952721527324205	-0.13261235787850523	-0.13977786024379404	FALSE	-0.0619383516800484
GSE264344	SRR28740203	baseline_0	15		0	31.12166416476597	-21.5303842044627	37.84330091807869	-0.10974852648392963	-0.10224194809174507	0.17048199243645853	FALSE	-0.07626097991416471
GSE264344	SRR28740116	delivery_ad26	1		24	-44.535663337138416	-3.0883421851991053	44.642616033693805	0.785708740070816	-0.2534189036069631	-1.3739206111546296	FALSE	-0.0767458065461897
GSE264344	SRR28740117	delivery_ad26	2		6	-43.30507682990797	-17.032459387021778	46.53422774705494	1.0348305156360105	-0.25345927109247735	-1.374332999732744	FALSE	0.02343002565777663
GSE264344	SRR28740134	delivery_ad26	3		24	-41.92134792274647	-6.566046673072095	42.43244490449403	0.4946332766868242	-0.25854756765139575	-1.4263143247082037	FALSE	-0.014117511333964666
GSE264344	SRR28740135	delivery_ad26	4		12	-42.90649434156486	-9.743847298201949	43.998975179581336	0.7009424261015049	-0.2578214696958721	-1.4188966096923725	FALSE	0.01930699893546498
GSE264344	SRR28740136	delivery_ad26	5		24	-41.39511943295623	-8.948533328571585	42.35129468624621	0.48394594253965045	-0.26174538988116025	-1.458982828718212	FALSE	0.004273287628891801
GSE264344	SRR28740137	delivery_ad26	6		12	-42.552808931059	-11.619151822250672	44.11061365467188	0.7156450074714044	-0.25181250790566556	-1.3575098976631033	FALSE	0.021982062581408668
GSE264344	SRR28740138	delivery_ad26	7		24	-42.30628722217255	-6.1880508914381345	42.75644878097325	0.537303989935416	-0.2508927650085156	-1.3481139330456664	FALSE	-0.010284150775122382
GSE264344	SRR28740139	delivery_ad26	8		12	-42.283367806879525	-8.237768340432755	43.0783474650838	0.5796974532298622	-0.25163407093712353	-1.3556870105844872	FALSE	0.021381730621897316
GSE264344	SRR28740140	delivery_ad26	9		12	-44.70284691111365	-12.504329458212204	46.418776127317024	1.019625750145379	-0.25774462264783465	-1.4181115510128743	FALSE	-0.006430259372971158
GSE264344	SRR28740141	delivery_ad26	10		24	-41.68432345707113	-8.000287034523184	42.44511061015733	0.49630132677413386	-0.25275691377749965	-1.3671578157755992	FALSE	-0.0048305358392532706
GSE264344	SRR28740142	delivery_ad26	11		12	-42.42766254947315	-16.13997579640237	45.39389130841748	0.8846503088163568	-0.25109193766774074	-1.3501486530360454	FALSE	0.02243358495378824
GSE264344	SRR28740151	delivery_ad26	12		72	33.76623347905949	-18.079813670675648	38.30193449068477	-0.049347330438035485	-0.12525982501945876	-0.0646654143567797	FALSE	-0.03883841059391681
GSE264344	SRR28740152	delivery_ad26	13		72	34.62551034166958	-16.88818006566459	38.52449340810828	-0.02003673128875542	-0.10655463395952738	0.1264241976490577	FALSE	-0.04688437153265993
GSE264344	SRR28740153	delivery_ad26	14		72	34.1937907317002	-18.619288739394488	38.93447364180295	0.033956909712320224	-0.12818279418377976	-0.0945260579463339	FALSE	-0.037743230378633044
GSE264344	SRR28740159	delivery_ad26	15		72	-42.10951809183551	-2.60990345126564	42.19032009776117	0.46274588598416777	-0.2737670132803114	-1.5817940496067795	FALSE	-0.11462513084634374
GSE264344	SRR28740160	delivery_ad26	16		72	-41.84896270700828	-3.0235753041194444	41.95804675234836	0.4321559145767213	-0.2639100885862983	-1.4810970875006553	FALSE	-0.09611950761584855
GSE264344	SRR28740161	delivery_ad26	17		72	-42.94387577584118	-2.791916365878965	43.034535708485826	0.5739275256505261	-0.26303339167242173	-1.4721408746192886	FALSE	-0.11461774890365606
GSE264344	SRR28740162	delivery_ad26	18		72	-46.46979802006953	-6.514403663374426	46.92418974383516	1.086187791737995	-0.2635691080074355	-1.4776136776649764	FALSE	-0.12915557840494798
GSE264344	SRR28740163	delivery_ad26	19		72	-43.60846801679722	-4.61447440519435	43.85193104993461	0.6815769852949769	-0.2631619185766896	-1.4734538874717187	FALSE	-0.1090762662625581
GSE264344	SRR28740171	delivery_ad26	20		24	32.251145604657545	-22.183473461735797	39.14387420325635	0.06153457763705899	-0.11397255240720665	0.05064378174652297	FALSE	-0.01126208665817236
GSE264344	SRR28740172	delivery_ad26	21		24	31.41908566901835	-22.272639895434487	38.51271779800556	-0.021587557431579273	-0.11221931660881573	0.06855459310342624	FALSE	-0.011016577101366953
GSE264344	SRR28740177	delivery_ad26	22		12	11.963440129561251	22.96484541687568	25.89416970583518	-1.6834270795556054	-0.06029413280233108	0.5990149981921379	FALSE	0.023627385802814586
GSE264344	SRR28740178	delivery_ad26	23		12	11.176225622869648	21.56099019876857	24.285475443661433	-1.895289148342527	-0.06689988313681297	0.5315315779811813	FALSE	0.02587563812911435
GSE264344	SRR28740179	delivery_ad26	24		12	13.30536585672446	22.140248070065102	25.830666758434838	-1.6917903006639619	0.01626651720659821	1.3811478755440296	FALSE	0.023295454497254946
GSE264344	SRR28740180	delivery_ad26	25		12	11.216890322773471	21.415071278868993	24.174861041837836	-1.9098568611509934	-0.07643843805250813	0.43408703693925477	FALSE	0.0252972899566149
GSE264344	SRR28740181	delivery_ad26	26		12	12.208590660789437	18.592412850830883	22.24247067073387	-2.164349110767656	-0.0016577752614898925	1.1980358141792484	FALSE	0.024731970686256315
GSE264344	SRR28740187	delivery_ad26	27		12	29.249548815571703	-26.758628245847202	39.64290972562387	0.12725663598771292	-0.10631235636187666	0.12889927165308407	FALSE	0.002637908192751574
GSE264344	SRR28740188	delivery_ad26	28		12	25.90821874198041	-29.40190626244057	39.18810904148919	0.06736022428777845	-0.15464354847615158	-0.36484541768505657	FALSE	0.0111518709105208
GSE264344	SRR28740189	delivery_ad26	29		12	30.564757637922437	-24.79863736359901	39.359583643075126	0.08994311321243952	-0.08061892241144772	0.3913797942499535	FALSE	0.002225468578680454
GSE264344	SRR28740190	delivery_ad26	30		12	29.806837691681928	-25.886995995400262	39.47890746771166	0.10565784095001689	-0.10088717139300263	0.18432220143981912	FALSE	0.004934392344706599
GSE264344	SRR28740194	delivery_ad26	31		72	10.100839568747082	28.40845580339797	30.150743293112736	-1.122844184875651	-0.1178526667268931	0.011005077308189512	FALSE	-0.16496995665346187
GSE264344	SRR28740195	delivery_ad26	32		72	13.655096057862046	27.72312443354849	30.90361268051768	-1.0236926744286483	0.039026959649917745	1.613665367701155	FALSE	-0.1402405708824634
GSE264344	SRR28740196	delivery_ad26	33		72	11.29422373741134	29.064733911842623	31.182018010336026	-0.9870272057168255	-0.0806705268403106	0.3908526106324434	FALSE	-0.17329764338949244
GSE264344	SRR28740197	delivery_ad26	34		72	11.950372529596917	27.490501101268546	29.975641017249185	-1.1459048318152518	-0.012926434447613199	1.082916770230268	FALSE	-0.16831575443573218
GSE264344	SRR28740198	delivery_ad26	35		72	12.063846801486763	29.161312458569135	31.558177132972077	-0.9374877426947713	-0.031513571064541696	0.8930331858793584	FALSE	-0.18906244047093443
GSE264344	SRR28740209	delivery_ad26	36		72	33.1039424923409	-15.079707617451838	36.376758931549254	-0.30288940261857117	-0.044305043865234164	0.762357291330302	FALSE	-0.037156271536976045
GSE264344	SRR28740210	delivery_ad26	37		72	34.50931711915707	-16.031019184346306	38.051104374504384	-0.08238119434716251	-0.10602306592938669	0.131854622193177	FALSE	-0.0396554224274224
GSE264344	SRR28740213	delivery_ad26	38		6	9.645198004016548	21.70749267035179	23.753843532575132	-1.9653040909977546	-0.03590476454121301	0.8481733683553794	FALSE	0.032481362226813956
GSE264344	SRR28740214	delivery_ad26	39		24	16.630083920768417	22.740928030739884	28.172850386694833	-1.3833290345116822	0.1490049723781669	2.737185342133925	FALSE	-0.002460899553558314
GSE264344	SRR28740215	delivery_ad26	40		6	9.018277051912262	20.412507972906702	22.31590918445912	-2.1546773938899912	-0.052906036084774184	0.6744907594765952	FALSE	0.02985519319609391
GSE264344	SRR28740216	delivery_ad26	41		24	15.485459452736597	23.82942962812815	28.41902832371756	-1.3509078540215773	0.11334403476539046	2.3728781981781966	FALSE	0.0047670829035117044
GSE264344	SRR28740217	delivery_ad26	42		6	9.755303474934724	20.680651833922468	22.866029523377996	-2.0822275593716357	-0.04534611696571767	0.7517218343492045	FALSE	0.0311197434772374
GSE264344	SRR28740218	delivery_ad26	43		24	15.439033241148909	24.731802688090404	29.155202136564526	-1.253955119966466	0.10478799418526318	2.285470885976772	FALSE	0.007969152424793232
GSE264344	SRR28740219	delivery_ad26	44		6	6.583223956394579	22.232831880437228	23.187014708319687	-2.0399544022337417	-0.0048370197717220445	1.165557097549974	FALSE	0.03534019764553325
GSE264344	SRR28740220	delivery_ad26	45		24	11.473836750982459	31.525394507113354	33.54846387865365	-0.6753706472750911	-0.11030727712787078	0.08808772063914437	FALSE	-0.005320772975264642
GSE264344	SRR28740221	delivery_ad26	46		6	6.444414100062706	24.890544890074334	25.711275697986917	-1.7075138832339536	-0.029180295043632846	0.916869606908657	FALSE	0.03125934029114975
GSE264344	SRR28740222	delivery_ad26	47		24	9.311049320815357	30.25676874798081	31.65703230758443	-0.9244686984325226	-0.16658656003953803	-0.48685355106988176	FALSE	0.005215197063097188
GSE264344	SRR28740228	delivery_ad26	48		24	35.73745991207983	-15.951812175814155	39.135998168693305	0.060497318404151845	-0.08484798332458028	0.34817630028668367	FALSE	-0.019835221156242776
GSE264344	SRR28740229	delivery_ad26	49		24	33.54006093692182	-21.230813348109425	39.69487527470883	0.13410040300650625	-0.1256403355976133	-0.06855265712862323	FALSE	-0.013050247659674179
GSE264344	SRR28740230	delivery_ad26	50		24	32.69582086954691	-21.3743575987738	39.06251227319818	0.05081936143474034	-0.10666329410436962	0.12531414082836698	FALSE	-0.010322688582788791
GSE264344	SRR28740236	delivery_ad26	51		3	-46.620195892738714	-9.946276748464104	47.669393600447336	1.1843297659105843	-0.26942504722300137	-1.5374371325041678	FALSE	-0.061403107836033304
GSE264344	SRR28740237	delivery_ad26	52		3	-44.154580675942164	-5.366337942422049	44.47948490687099	0.7642246713917102	-0.25262511959981904	-1.3658114249156008	FALSE	-0.02235252795502992
GSE264344	SRR28740238	delivery_ad26	53		3	-44.869838136418686	-7.611339604770402	45.51082140510715	0.9000497869960414	-0.24374576823575553	-1.2751012150286227	FALSE	-0.015552164579112862
GSE264344	SRR28740239	delivery_ad26	54		3	-44.00011169462795	-7.7594571805943815	44.6790667413411	0.7905092310730458	-0.26075866607918674	-1.4489025965584912	FALSE	-0.020802783501969097
GSE264344	SRR28740240	delivery_ad26	55		3	-45.581072996902655	-4.794598404433988	45.832547271658044	0.9424204905364606	-0.25315401195957565	-1.3712145151858326	FALSE	-0.06072671969673969
GSE264344	SRR28740251	delivery_ad26	56		12	28.264639722136902	-26.862712673654958	38.993527550217124	0.04173420058776216	-0.12713640167308668	-0.08383625861557593	FALSE	0.007971994498265253
GSE264344	SRR28740257	delivery_ad26	57		6	-42.875071116315226	-9.21451071347003	43.85406401826109	0.6818578932915617	-0.2621144776944784	-1.4627533781243673	FALSE	0.02348489157056798
GSE264344	SRR28740258	delivery_ad26	58		6	-44.911888225064956	-7.914410795671518	45.60389898005839	0.9123079320336155	-0.25871018836843496	-1.4279756351767026	FALSE	0.0062409623027700955
GSE264344	SRR28740259	delivery_ad26	59		6	-41.998344752864504	-10.797993449686514	43.36424361752358	0.6173494494719984	-0.27225236860875723	-1.5663206517843968	FALSE	0.022025390034690673
GSE264344	SRR28740260	delivery_ad26	60		6	-43.26930037948751	-12.06792591557592	44.92067665601384	0.8223288114405606	-0.27634393877960356	-1.608119559581522	FALSE	0.00817368584466019
GSE264344	SRR28740266	delivery_ad26	61		6	33.902190037796736	-18.615143955372318	38.67663472741804	0	-0.07418806360705302	0.45707654708497186	FALSE	-0.0068430431791812844
GSE264344	SRR28740267	delivery_ad26	62		6	34.79291073499096	-17.91202955358546	39.132945712552335	0.06009531555742476	-0.09078413424739644	0.28753341388073245	FALSE	-0.013810904036660661
GSE264344	SRR28740268	delivery_ad26	63		6	32.789704566926446	-19.439101272872815	38.1188061707515	-0.07346499258603814	-0.08656088443565954	0.3306775424460512	FALSE	-0.006917438093472955
GSE264344	SRR28740269	delivery_ad26	64		6	33.2312457535663	-21.398070758964177	39.524588885142826	0.11167399941446543	-0.10291668986113435	0.16358892502519184	FALSE	-0.007657084178283689
GSE264344	SRR28740270	delivery_ad26	65		6	35.09266373915462	-18.263355105154904	39.56065201695196	0.11642344739328458	-0.10734238800155017	0.11837661268914673	FALSE	-0.013948659687706073
GSE264344	SRR28740271	delivery_ad26	66		3	13.660303505925748	28.98996969946606	32.04718763089778	-0.8730859615825112	-0.02569610093965114	0.952463645876219	FALSE	0.014753448938309629
GSE264344	SRR28740272	delivery_ad26	67		1	5.48585918583291	32.46460442881456	32.92484155962171	-0.7575005570773891	-0.020370002662597874	1.006874319897466	FALSE	-0.2179757114944153
GSE264344	SRR28740273	delivery_ad26	68		3	8.241952502847058	33.5005248504371	34.499491971823886	-0.5501220005737167	-0.12403954153851278	-0.05219916922921159	FALSE	0.006452556920944538
GSE264344	SRR28740274	delivery_ad26	69		1	8.819690571143202	31.57653680476799	32.78512800575255	-0.7759005745675349	-0.09783423281717832	0.21551059433368253	FALSE	-0.20627477028022342
GSE264344	SRR28740275	delivery_ad26	70		3	7.149972211296252	32.053512724999045	32.841281653339664	-0.7685052426965412	-0.06335872197788572	0.5677075844032207	FALSE	0.0208783936733563
GSE264344	SRR28740276	delivery_ad26	71		1	9.203717408296667	30.790602715669525	32.136733339373166	-0.8612929568490011	-0.09700288406936605	0.22400353670203316	FALSE	-0.2175108424009533
GSE264344	SRR28740277	delivery_ad26	72		3	13.743517789847653	30.612791935439702	33.55633042098586	-0.6743346381514869	-0.01060201384547064	1.1066627255417465	FALSE	0.003222818255556536
GSE264344	SRR28740278	delivery_ad26	73		1	9.043335096854285	31.638646162076235	32.90571136813574	-0.7600199680306122	-0.1049919342874561	0.14238851862610563	FALSE	-0.2024584476714657
GSE264344	SRR28740279	delivery_ad26	74		3	9.482367945189567	32.847569493433134	34.188859639857505	-0.5910317060596902	-0.1930590227723697	-0.7572925225964495	FALSE	-0.0245681724482875
GSE264344	SRR28740280	delivery_ad26	75		1	3.703190284716235	33.35017445035015	33.5551449729189	-0.6744907594765952	0.0831275596402823	2.0641909204411824	FALSE	-0.16635049778872132
GSE264344	SRR28740286	delivery_ad26	76		3	35.38578138273422	-18.173949980848985	39.77996960749292	0.14530716976734526	-0.09021772711871717	0.2933197497759328	FALSE	-0.0136082434737641
GSE264344	SRR28740287	delivery_ad26	77		3	35.102852149551396	-15.7920828292752	38.491558933355165	-0.02437414090080725	-0.060746534572719946	0.5943933250695603	FALSE	-0.01415821499413881
GSE264344	SRR28740288	delivery_ad26	78		3	34.489914485670745	-15.929179085405657	37.99069553935286	-0.09033692657617876	-0.05691568427796854	0.6335287551291119	FALSE	-0.007906754691215177
GSE264344	SRR28740289	delivery_ad26	79		3	36.08972565400632	-16.07640355286912	39.508468066683434	0.10955091734122542	-0.0779394852741549	0.41875254876065754	FALSE	-0.013125227973065897
GSE264344	SRR28740290	delivery_ad26	80		3	36.07407252030224	-15.713944125076823	39.34802089262002	0.08842032029281074	-0.0959796957001768	0.23445628577317673	FALSE	-0.02039303189418801
GSE264344	SRR28740296	delivery_ad26	81		1	-48.13319484068836	-9.02167561682762	48.97136996763446	1.3557976533457128	-0.2764921261598109	-1.6096334211024899	FALSE	-0.11129455368283594
GSE264344	SRR28740297	delivery_ad26	82		1	-48.37149351324848	-8.718495800906638	49.1509262754291	1.3794448880798695	-0.27764341952118976	-1.6213948728313659	FALSE	-0.10850920878751719
GSE264344	SRR28740298	delivery_ad26	83		1	-48.064873497061626	-11.273983403068408	49.36937072782272	1.4082136197695088	-0.27929397033503744	-1.6382566687683078	FALSE	-0.11152828548607945
GSE264344	SRR28740299	delivery_ad26	84		1	-48.0702392734094	-10.455139875481445	49.19408352250008	1.3851286179610536	-0.2732326417540167	-1.5763349849386104	FALSE	-0.11056121853864483
GSE264344	SRR28740300	delivery_ad26	85		1	-48.12685649691428	-9.90633824408142	49.13583065015519	1.3774568220592693	-0.2827544197200238	-1.6736081350123155	FALSE	-0.1070652668724413
GSE264344	SRR28740306	delivery_ad26	86		1	34.94053736117087	-16.56767414926177	38.6694838057543	-9.417632007755251e-4	-0.11457266815354494	0.04451308333457106	FALSE	-0.04237984154317609
GSE264344	SRR28740307	delivery_ad26	87		1	34.20400537691798	-17.458531517065776	38.402009147395056	-0.036167682631539	-0.11074205949472415	0.08364604487529917	FALSE	-0.04244746075506646
GSE264344	SRR28740308	delivery_ad26	88		1	34.042621728081954	-17.587065901600255	38.31716301017741	-0.04734176249381182	-0.11892992085660849	0	FALSE	-0.045929145400867524
GSE264344	SRR28740309	delivery_ad26	89		1	34.28460228642441	-17.957656341679133	38.70286003933232	0.003453825234158658	-0.11921169489439778	-0.002878564104582456	FALSE	-0.04453249712825341
GSE264344	SRR28740310	delivery_ad26	90		1	34.41511389823233	-18.830689826241127	39.230026050977905	0.07288061716568922	-0.12748756063525057	-0.08742364938946719	FALSE	-0.0387644747268003
GSE264344	SRR28740118	delivery_ad5	1		12	10.872522373504987	22.93237243064877	25.379232613701035	-1.7512433453308347	-0.07612374423012444	0.437301904952485	FALSE	-0.03441550525977575
GSE264344	SRR28740129	delivery_ad5	2		72	10.15004627369396	30.269654035025713	31.926092694820596	-0.889033941431874	-0.14977262375971245	-0.31508473300710965	FALSE	-0.17273621385410004
GSE264344	SRR28740130	delivery_ad5	3		72	12.478060902171261	28.682728662338796	31.279401007622358	-0.9742020444945341	-0.028257402000331076	0.926297752977969	FALSE	-0.13009381318661759
GSE264344	SRR28740131	delivery_ad5	4		12	-40.97253886214573	-11.257156051492053	42.490851994019685	0.502325382707025	-0.26003265301208434	-1.4414857487508819	FALSE	-0.04377124130646609
GSE264344	SRR28740132	delivery_ad5	5		24	-37.2061509160698	-3.923378565700122	37.412438644910026	-0.16649229358881282	-0.27792474027910086	-1.6242688062921993	FALSE	-0.035116942828046574
GSE264344	SRR28740133	delivery_ad5	6		12	-40.15282335804969	-9.00591742781223	41.150404279172186	0.32579088970488557	-0.2774630634005585	-1.6195523799638039	FALSE	-0.04136521440149763
GSE264344	SRR28740143	delivery_ad5	7		6	8.313579111750801	25.397474489167855	26.723534722698478	-1.5742012357245163	-0.07454708292544125	0.4534088560128199	FALSE	-0.03904113195186364
GSE264344	SRR28740144	delivery_ad5	8		24	13.56552185999658	26.034352442278486	29.356615786272382	-1.227429313595173	0.05914008674749238	1.8191382570710286	FALSE	-0.00904777920135499
GSE264344	SRR28740145	delivery_ad5	9		6	9.13468183862357	24.167977560628866	25.83667067684882	-1.6909995956767412	-0.07791523472760767	0.41900028894763514	FALSE	-0.04635229907155872
GSE264344	SRR28740146	delivery_ad5	10		24	18.155008191158043	22.655733428619637	29.032509013340352	-1.2701135781169153	0.2312485420517342	3.5773741308259712	FALSE	-0.009482865599858307
GSE264344	SRR28740147	delivery_ad5	11		6	11.240538394922758	22.924162277906643	25.531684620320895	-1.731165697096075	-0.08451836872575622	0.3515435968622142	FALSE	-0.04378711285737346
GSE264344	SRR28740148	delivery_ad5	12		24	14.924112974997772	26.266681510667027	30.210390690511	-1.114988732595069	0.11216799774076895	2.360863968651249	FALSE	-0.011844295419124374
GSE264344	SRR28740149	delivery_ad5	13		6	11.439089420206795	24.31502132217263	26.87141657340001	-1.5547254685993637	-0.09949804480569682	0.19851332409367312	FALSE	-0.03896665935470203
GSE264344	SRR28740150	delivery_ad5	14		24	18.085104429424167	23.445040705389157	29.609811480327465	-1.1940839074407643	0.2299274470973539	3.563878009805525	FALSE	-0.009184023289531317
GSE264344	SRR28740154	delivery_ad5	15		72	-43.31733346599477	-5.57745026734673	43.67492793455894	0.6582660012957248	-0.27296261512446474	-1.5735764307112303	FALSE	-0.12000395662359403
GSE264344	SRR28740155	delivery_ad5	16		72	-41.47218348762921	-6.143084171373626	41.92468826799033	0.4277626636813404	-0.2605525446867506	-1.446796889282873	FALSE	-0.12089987369962928
GSE264344	SRR28740156	delivery_ad5	17		72	-40.92245496289779	-1.6267748510189715	40.95477648097112	0.30002706931113077	-0.266969136184371	-1.5123478893101745	FALSE	-0.12567614464804971
GSE264344	SRR28740157	delivery_ad5	18		72	-42.02308158105216	-4.262651322181462	42.23872135685763	0.4691202425820531	-0.28055187800780995	-1.6511072773699045	FALSE	-0.12607513690843006
GSE264344	SRR28740158	delivery_ad5	19		72	-36.693950232744086	-1.0671734773170913	36.70946530411181	-0.25907258667838834	-0.27093647142432586	-1.5528776304537457	FALSE	-0.08929873269997354
GSE264344	SRR28740164	delivery_ad5	20		24	-38.42317705250228	-10.410277813842495	39.80847169848799	0.14906084260932387	-0.2891010938855419	-1.7384448693675312	FALSE	-0.03636882212604357
GSE264344	SRR28740165	delivery_ad5	21		12	-41.72990590117555	-6.083486641260924	42.17100729453075	0.4602024254008356	-0.27906812605842235	-1.6359494752703185	FALSE	-0.03776730369751442
GSE264344	SRR28740166	delivery_ad5	22		24	-41.406273117873134	-7.231238187119222	42.032966338705556	0.4420226859897357	-0.2734019503368148	-1.578064617706995	FALSE	-0.04314234775965504
GSE264344	SRR28740167	delivery_ad5	23		12	-38.93778314438352	-7.970393216866016	39.745164790581775	0.14072343954095534	-0.2686180211655017	-1.5291926673333975	FALSE	-0.04383095332537893
GSE264344	SRR28740168	delivery_ad5	24		24	-39.57896250627431	-5.898852450223609	40.0161309137025	0.17640917844447837	-0.2669928255974082	-1.5125898970358065	FALSE	-0.034619159948624696
GSE264344	SRR28740169	delivery_ad5	25		12	-42.99817907729239	-8.916160146882124	43.91288325455019	0.6896042782807367	-0.25998783504523604	-1.4410278946787962	FALSE	-0.03441389281306716
GSE264344	SRR28740170	delivery_ad5	26		24	-46.04217234004808	-7.312647808678154	46.6192712487492	1.0460305880360223	-0.2635720739585647	-1.477643977406299	FALSE	-0.1071848081348829
GSE264344	SRR28740173	delivery_ad5	27		12	12.32626555666529	20.468729642305426	23.8936333725791	-1.9468940267642845	-0.002050887889677072	1.194019830629324	FALSE	-0.04005625811522273
GSE264344	SRR28740174	delivery_ad5	28		12	13.653910294922081	21.84621693326352	25.76211289155043	-1.7008187185572714	0.023668051496687534	1.4567609131874024	FALSE	-0.03735612665550124
GSE264344	SRR28740175	delivery_ad5	29		12	11.233251314935064	25.57533738761021	27.933560775428955	-1.4148430351978682	-0.0840574591242065	0.3562521847963181	FALSE	-0.03659963200681875
GSE264344	SRR28740176	delivery_ad5	30		12	15.837067089654475	16.500734415645837	22.871093770475774	-2.081560607364526	0.09946992329800954	2.231142218645396	FALSE	-0.03857587741390116
GSE264344	SRR28740182	delivery_ad5	31		12	30.31935670367317	-24.974769117859918	39.28107029365392	0.07960304982880388	-0.15102009617481005	-0.32782873647786914	FALSE	-0.00964640764153343
GSE264344	SRR28740183	delivery_ad5	32		12	34.26019743958033	-20.208677208703495	39.77627135774039	0.1448201170924614	-0.10801565774002064	0.11149858333957292	FALSE	-0.004958928232613634
GSE264344	SRR28740184	delivery_ad5	33		12	32.377487633887725	-22.072617095182398	39.18548367588552	0.0670144684774954	-0.10882754118555815	0.10320449577293707	FALSE	-0.006044593604233256
GSE264344	SRR28740185	delivery_ad5	34		12	31.713842947425512	-25.607478874929914	40.761634030347125	0.27459056461167164	-0.13019979174185048	-0.11513142249746561	FALSE	-0.009073479534617705
GSE264344	SRR28740186	delivery_ad5	35		12	31.52488147927027	-24.797188407397613	40.10883574967008	0.1886182344450291	-0.12258499163825785	-0.03733969117350533	FALSE	-0.010137594989870425
GSE264344	SRR28740191	delivery_ad5	36		72	9.489217863860347	31.143469616113403	32.55704156396255	-0.8059391384861881	-0.12874590776491074	-0.10027874742107758	FALSE	-0.16199795152019913
GSE264344	SRR28740192	delivery_ad5	37		72	11.770959094964875	29.77765648986187	32.01974865678288	-0.8766996238911704	-0.05982648229567353	0.6037924502686874	FALSE	-0.14796061639644983
GSE264344	SRR28740193	delivery_ad5	38		72	11.33029814077393	28.755043701649726	30.906766156338822	-1.0232773674762667	-0.09159288309595778	0.27927134891777117	FALSE	-0.14266127435257675
GSE264344	SRR28740204	delivery_ad5	39		72	34.86015721279854	-15.29462935251292	38.06778490970784	-0.08018439861053699	-0.08510871414935088	0.3455127106989728	FALSE	-0.020925245441321166
GSE264344	SRR28740205	delivery_ad5	40		72	34.19736266635621	-17.14904453930642	38.25636341767744	-0.055348956745278545	-0.1228471806402936	-0.04001817729592356	FALSE	-0.013208600605960328
GSE264344	SRR28740206	delivery_ad5	41		72	34.010904141367135	-18.093245701547048	38.52411115820604	-0.020087072896222982	-0.12336902436533784	-0.045349259701170624	FALSE	-0.01027098752779527
GSE264344	SRR28740207	delivery_ad5	42		72	34.574713410960854	-16.319854884237078	38.23281929040328	-0.058449674904953446	-0.11763648644521787	0.013213544787418896	FALSE	-0.0019825855787164435
GSE264344	SRR28740208	delivery_ad5	43		72	34.44695052054695	-17.634469306562483	38.69840962997193	0.002867714525484992	-0.1327895384432169	-0.14158791207685195	FALSE	-0.005176711357877905
GSE264344	SRR28740211	delivery_ad5	44		6	6.328752920651218	24.937472961319823	25.72801335562481	-1.7053095645780147	-0.03755814602524095	0.8312826546883416	FALSE	-0.049434533550101814
GSE264344	SRR28740212	delivery_ad5	45		24	16.03613969992731	25.318624902036593	29.969827216812785	-1.1466704986152971	0.16172810152233874	2.8671630474602283	FALSE	-0.010986894352919113
GSE264344	SRR28740223	delivery_ad5	46		24	34.01891009163567	-17.439490288803473	38.22855039569329	-0.05901188046878098	-0.10499749242465722	0.14233173747493558	FALSE	0.014251193216028522
GSE264344	SRR28740224	delivery_ad5	47		24	33.90503430988871	-21.835419738050135	40.32786761895005	0.2174643278557296	-0.13916924621811977	-0.20676211315883158	FALSE	0.003202437180219137
GSE264344	SRR28740225	delivery_ad5	48		24	35.11818676533518	-18.616954083326316	39.747679442020804	0.1410546144998507	-0.12725489069294466	-0.08504672584678825	FALSE	0.005252836458584132
GSE264344	SRR28740226	delivery_ad5	49		24	34.147683683815366	-18.757574275346148	38.960375943579365	0.03736819510677334	-0.12416846789264417	-0.05351626280550064	FALSE	0.008160142532140974
GSE264344	SRR28740227	delivery_ad5	50		24	33.6837775285299	-19.59273833921766	38.967579655664345	0.03831691070870937	-0.11355310356147522	0.05492881240621032	FALSE	0.004168104677273937
GSE264344	SRR28740231	delivery_ad5	51		3	-44.54269305624383	-8.963765881103189	45.43567544863817	0.8901532030566064	-0.30123809176310334	-1.8624347397681065	FALSE	-0.08104241014332933
GSE264344	SRR28740232	delivery_ad5	52		3	-45.3689387393694	-8.792850203486276	46.21314550036171	0.9925445756443667	-0.2930431369118442	-1.7787162287988734	FALSE	-0.08542782718023673
GSE264344	SRR28740233	delivery_ad5	53		3	-46.83402847097869	-3.323318378727983	46.95179089094295	1.089822811930861	-0.2542007057556119	-1.381907392405458	FALSE	-0.11321282531958395
GSE264344	SRR28740234	delivery_ad5	54		3	-46.847913864866726	-7.553481369736065	47.45294631835753	1.155824057868282	-0.2693534508170825	-1.5367057136491444	FALSE	-0.09469386179341405
GSE264344	SRR28740235	delivery_ad5	55		3	-45.255902452907286	-4.35395209778034	45.464861219372764	0.8939969152599535	-0.2562351509300058	-1.402690999361222	FALSE	-0.0714452483605402
GSE264344	SRR28740241	delivery_ad5	56		3	12.958109889868327	30.42331793276766	33.06797372014447	-0.7386503153929821	-0.04088617715652747	0.7972839547775361	FALSE	-0.012789518002767118
GSE264344	SRR28740242	delivery_ad5	57		1	9.545042632608597	29.65779057797642	31.155936526213146	-0.9904620890959954	-0.125037387630266	-0.062393025143526154	FALSE	-0.16363292761665083
GSE264344	SRR28740243	delivery_ad5	58		3	10.743477938203684	32.51122619761175	34.24035845432909	-0.5842494071290774	-0.15124044172874745	-0.330079755795138	FALSE	-0.010802850807230691
GSE264344	SRR28740244	delivery_ad5	59		1	9.240966376687462	31.49937429187481	32.8269103077748	-0.7703979224146307	-0.11842918350626759	0.005115462637451616	FALSE	-0.13949486181629933
GSE264344	SRR28740245	delivery_ad5	60		3	4.590599269472984	33.336919351096604	33.6515050699728	-0.661800312329254	0.052179959443093914	1.748034571369696	FALSE	-0.1482715428311379
GSE264344	SRR28740246	delivery_ad5	61		1	9.144049953375523	31.599518642976456	32.89594546471713	-0.7613061195079255	-0.1099986030772323	0.091241091507359	FALSE	-0.14525439565046827
GSE264344	SRR28740247	delivery_ad5	62		3	10.267427335417414	32.978375924074214	34.53973570654	-0.5448219748987653	-0.1737593424066537	-0.5601296911073133	FALSE	-0.05245078717198067
GSE264344	SRR28740248	delivery_ad5	63		1	6.741017601901035	31.305737464168303	32.02328085135204	-0.8762344403778227	-0.07017665528933895	0.4980565326180244	FALSE	-0.1628440348041925
GSE264344	SRR28740249	delivery_ad5	64		3	11.163838513588873	32.08752659145741	33.97411740008821	-0.6193128631715354	-0.1376287340126699	-0.1910244562331956	FALSE	-0.012911312249432367
GSE264344	SRR28740250	delivery_ad5	65		1	7.5546007792141	32.20855128706163	33.08266568680011	-0.7367154104682847	-0.08960191423794511	0.2996108079147082	FALSE	-0.16927681629679
GSE264344	SRR28740252	delivery_ad5	66		6	-45.15719429584749	-8.787714167179509	46.00430541761247	0.9650407217317534	-0.2659030057491023	-1.5014564501064598	FALSE	-0.060550086989180296
GSE264344	SRR28740253	delivery_ad5	67		6	-40.664633257344846	-9.359222258340543	41.72777778932606	0.40182991663513484	-0.2643637923046822	-1.4857320611415985	FALSE	-0.044645467007005515
GSE264344	SRR28740254	delivery_ad5	68		6	-42.319705342159445	-7.626185829779856	43.00135079921948	0.569557134274744	-0.2674852205106911	-1.5176201345047213	FALSE	-0.03918349547460212
GSE264344	SRR28740255	delivery_ad5	69		6	-40.555005394604805	-11.054259136937718	42.03457038703971	0.4422339361983666	-0.2798170250405557	-1.6436001223804668	FALSE	-0.04022791876238291
GSE264344	SRR28740256	delivery_ad5	70		6	-43.221646223021416	-11.669218375309502	44.76920101720247	0.8023797490462974	-0.2754074015124332	-1.5985520260321884	FALSE	-0.03726178079810277
GSE264344	SRR28740261	delivery_ad5	71		6	30.291514606460606	-22.74806086576388	37.882055518489416	-0.1046446170518587	-0.10063852753666278	0.18686231225095093	FALSE	-0.0251140183452963
GSE264344	SRR28740262	delivery_ad5	72		6	30.315596559361612	-23.241441749622393	38.19947655860049	-0.06284085121784792	-0.09653193245718791	0.22881471241022583	FALSE	-0.026770379444142144
GSE264344	SRR28740263	delivery_ad5	73		6	32.46027152083329	-17.670222905911697	36.95816560316309	-0.22631921575896166	-0.06621651668638555	0.5385127539259548	FALSE	-0.013326896311756204
GSE264344	SRR28740264	delivery_ad5	74		6	29.68474258147509	-23.007671541439482	37.55711506342313	-0.14743867597383375	-0.08924406759442005	0.3032665191047037	FALSE	-0.02965422035194788
GSE264344	SRR28740265	delivery_ad5	75		6	29.846953789122974	-22.748048688577207	37.527514834157635	-0.15133697160166898	-0.09069044357826006	0.2884905446342476	FALSE	-0.028171339872386653
GSE264344	SRR28740281	delivery_ad5	76		3	35.147813103945204	-17.333549821641654	39.189548548167735	0.06754980466368954	-0.12077531220632458	-0.01885225956186893	FALSE	0.013790080480937163
GSE264344	SRR28740282	delivery_ad5	77		3	33.94373884564595	-18.700242265830088	38.754050983376594	0.01019557819703688	-0.13435231248856458	-0.1575529928408748	FALSE	0.013402910092145504
GSE264344	SRR28740283	delivery_ad5	78		3	34.4481893631023	-16.873674339291576	38.358814320891376	-0.04185636165473384	-0.09755126161395261	0.2184013885126875	FALSE	-0.004392898491624652
GSE264344	SRR28740284	delivery_ad5	79		3	34.64607218337169	-16.60950768305941	38.421687407101366	-0.03357609210403142	-0.10995783065179968	0.0916576168949637	FALSE	0.008487754851359039
GSE264344	SRR28740285	delivery_ad5	80		3	34.39226803928187	-19.005703347634135	39.294336241042174	0.08135015064477652	-0.13898988866067297	-0.20492982147290267	FALSE	0.014960271451752213
GSE264344	SRR28740291	delivery_ad5	81		1	-48.072861407060984	-6.404851651839894	48.49765075284131	1.2934097060333518	-0.2713705170055456	-1.5573117793187523	FALSE	-0.11450552871262176
GSE264344	SRR28740292	delivery_ad5	82		1	-47.57261634890577	-8.462349756563277	48.31940800219496	1.2699354643541532	-0.2643804476934545	-1.4859022102605304	FALSE	-0.1089615922421715
GSE264344	SRR28740293	delivery_ad5	83		1	-47.874999779356436	-7.52409655986641	48.46264162131045	1.2887990679481893	-0.2703767673828621	-1.5471597723586996	FALSE	-0.11995100644846171
GSE264344	SRR28740294	delivery_ad5	84		1	-48.04771167050863	-10.586665343538831	49.200204063280246	1.3859346818989138	-0.2749176299655598	-1.5935485885070824	FALSE	-0.11734819930348733
GSE264344	SRR28740295	delivery_ad5	85		1	-48.48172910966213	-8.703627645637107	49.256788279957505	1.3933867189253482	-0.2640844381444597	-1.4828782181673086	FALSE	-0.1169983241132947
GSE264344	SRR28740301	delivery_ad5	86		1	34.50995902810194	-17.06419445890598	38.498363662013375	-0.02347797068067233	-0.11705642414892344	0.019139379962423316	FALSE	-0.00808172640106219
GSE264344	SRR28740302	delivery_ad5	87		1	34.28584775623741	-17.633526879765693	38.554644682363616	-0.01606586405157997	-0.10176926353307011	0.17531087168334492	FALSE	-0.014180039613568247
GSE264344	SRR28740303	delivery_ad5	88		1	35.199281440514156	-16.422972555798584	38.84203189197287	0.021782501671093232	-0.10385082449616395	0.15404593642929368	FALSE	-0.010436109558224467
GSE264344	SRR28740304	delivery_ad5	89		1	34.2860470162447	-18.588830366404192	39.00099530000603	0.04271768946856626	-0.14155718519901428	-0.23115696333121047	FALSE	-0.0027440038916769285
GSE264344	SRR28740305	delivery_ad5	90		1	33.84710830305075	-18.7513718128425	38.694194465603125	0.002312585148542662	-0.1423474199448434	-0.23922989081375778	FALSE	-0.0033276324981420073
GSE279372	SRR30976313	baseline_0	1		24	-21.353891892737003	20.839736024423207	31.922847842811837	-0.1195060699356468	0.008617656136826845	0.11302466963763576	FALSE	-0.28800327005338155
GSE279372	SRR30976314	baseline_0	2		24	-25.485784009845574	-4.379896574285314	39.674296880051365	0.8806414907267682	-0.00619964854712736	0	FALSE	0.14392056968149572
GSE279372	SRR30976315	baseline_0	3		24	-49.38542213956971	-41.95545888886853	67.51500861612624	4.472849837342815	-0.12710563891442506	-0.9222567740861356	TRUE	-0.15691031181681225
GSE279372	SRR30976316	baseline_0	4		24	-25.434978016066975	1.4222321276906467	31.30819818857396	-0.19881257758275536	0.07975686323496747	0.6556662331372249	FALSE	0.16285844692702162
GSE279372	SRR30976297	delivery_1000_g_lnps_5_g_gi_1_gii_4_vlp_injected	1		24	39.746653472633255	-7.82880677965162	41.14769071095559	1.0707493323437847	-0.32484806820836215	-2.43061293068819	FALSE	-0.08479100760851292
GSE279372	SRR30976298	delivery_1000_g_lnps_5_g_gi_1_gii_4_vlp_injected	2		24	33.608412559733296	-17.585049313996617	40.33183449734863	0.9654817110293499	-0.29269866995538557	-2.1853810754961724	FALSE	0.14983105808343236
GSE279372	SRR30976299	delivery_1000_g_lnps_5_g_gi_1_gii_4_vlp_injected	3		24	27.7839244583348	-34.76969947178375	46.216130888159775	1.7247158430233678	-0.2564440600772967	-1.908835145469522	FALSE	0.11726379877114587
GSE279372	SRR30976300	delivery_1000_g_lnps_5_g_gi_1_gii_4_vlp_injected	4		24	51.31406795066474	21.808812922094535	56.36752807002059	3.034521929598516	-0.0057612785816685145	0.0033438348999263222	TRUE	-0.3628862406920755
GSE279372	SRR30976305	delivery_1000_g_lnps_injected	1		24	34.29589265475008	-23.874002776165764	49.75985072701551	2.1819519978990964	-0.22203043033202283	-1.6463319968905792	FALSE	-0.09031851170165417
GSE279372	SRR30976306	delivery_1000_g_lnps_injected	2		24	39.45957594763465	2.5376567216415036	39.92065766986492	0.9124287271249119	-0.25141856509536487	-1.8705012566676307	FALSE	0.18157848610336413
GSE279372	SRR30976307	delivery_1000_g_lnps_injected	3		24	46.439252308701874	3.2346942561701466	47.28829693031371	1.8630543970838633	-0.23387465378837788	-1.736678350145942	FALSE	0.10640714110111824
GSE279372	SRR30976308	delivery_1000_g_lnps_injected	4		24	53.00439985698591	12.718697173470657	55.46541476769878	2.918124799923316	-0.11040553953534182	-0.7948703664029229	FALSE	0.056046781692993534
GSE279372	SRR30976301	delivery_125_g_lnps_5_g_gi_1_gii_4_vlp_injected	1		24	15.893321775340038	-0.24069401160959328	26.73857885729081	-0.7884176443750472	-0.1641252563222009	-1.204638092205116	FALSE	0.05331021001105301
GSE279372	SRR30976302	delivery_125_g_lnps_5_g_gi_1_gii_4_vlp_injected	2		24	6.45770190582134	-23.150830399315005	29.255042939726337	-0.46372539632554216	0.006102976691190723	0.09384298851209602	FALSE	-0.03248353464947769
GSE279372	SRR30976303	delivery_125_g_lnps_5_g_gi_1_gii_4_vlp_injected	3		24	28.611003957553777	11.141627294403875	34.41339787846838	0.20184256190115055	-0.10762231325720806	-0.7736402414022869	FALSE	-0.2939379100508644
GSE279372	SRR30976304	delivery_125_g_lnps_5_g_gi_1_gii_4_vlp_injected	4		24	19.948480188548128	-7.145050511136356	28.873526611293048	-0.5129513698696219	-0.1453621055884905	-1.061514969729589	FALSE	-0.10119160715639301
GSE279372	SRR30976293	delivery_250_g_alum_5_g_gi_1_gii_4_vlp_injected	1		24	-13.282384077127016	27.484277116821435	31.50403992233856	-0.1735436722000895	-0.00619964854712736	0	FALSE	-0.21548580322015226
GSE279372	SRR30976294	delivery_250_g_alum_5_g_gi_1_gii_4_vlp_injected	2		24	-21.886116918614317	1.3540073093749112	27.700893292988745	-0.664252932612165	0.08362501133667592	0.6851720151016392	FALSE	0.02603823712298413
GSE279372	SRR30976295	delivery_250_g_alum_5_g_gi_1_gii_4_vlp_injected	3		24	-24.769534380606586	-0.8279164058815689	29.087745537862215	-0.48531130724048366	0.08082442949005977	0.6638095038515514	FALSE	-0.043066679781533626
GSE279372	SRR30976296	delivery_250_g_alum_5_g_gi_1_gii_4_vlp_injected	4		24	-26.91693913550453	-0.9539748063232132	32.83024182424781	-0.002427589159601652	0.0487076720541265	0.4188266289998663	FALSE	-0.23474458165247433
GSE279372	SRR30976309	delivery_250_g_alum_injected	1		24	-31.881303922042314	-6.887039732685108	32.867870938978726	0.002427589159601652	0.04957836553707527	0.4254681772007679	FALSE	-0.2012154026771791
GSE279372	SRR30976310	delivery_250_g_alum_injected	2		24	-23.248026608446292	12.51117639026805	29.383454537986733	-0.4471568107431703	0.03561373051940569	0.31894757219549513	FALSE	0.09669556311995066
GSE279372	SRR30976311	delivery_250_g_alum_injected	3		24	-24.671410608728685	10.265254778262483	27.54220072338601	-0.6847285863410255	0.17049805276818697	1.34782942936444	FALSE	0.048577911463572786
GSE279372	SRR30976312	delivery_250_g_alum_injected	4		24	-15.103653622590876	31.062638416949394	35.559452493608305	0.34971474969615607	0.0021984447915863975	0.06405967518654322	FALSE	0.11556305129310893
GSE279372	SRR30976289	delivery_5_g_gi_1_gii_4_vlp	1		24	-30.541267795425778	-15.939574910896534	41.1062600273618	1.065403648338919	-0.0926561094924409	-0.6594797869659181	FALSE	-0.03958536608397562
GSE279372	SRR30976290	delivery_5_g_gi_1_gii_4_vlp	2		24	-14.406167804919754	26.923302895400177	32.15360291068496	-0.08973239573163205	-0.04149813560470508	-0.26925273681599177	FALSE	-0.25611747746340785
GSE279372	SRR30976291	delivery_5_g_gi_1_gii_4_vlp	3		24	-21.72399902019344	4.307297504070865	25.129027997584487	-0.99609344258563	0.17665030592685785	1.3947580979460399	FALSE	-0.032661947310373744
GSE279372	SRR30976292	delivery_5_g_gi_1_gii_4_vlp	4		24	-26.471807084283075	-2.0734163484427994	28.34594663108031	-0.5810235235700617	0.07041815700962087	0.5844316727042639	FALSE	-0.06792725248647408
GSE279743	SRR31032963	baseline_0	1		6	-26.648032162670784	10.919807800540015	36.854109253674665	0.11740702915159737	-0.049290898494464025	0.02696823724922267	FALSE	0.1618045430364569
GSE279743	SRR31032964	baseline_0	2		6	-31.381135867666796	-14.464647114441954	35.10136604245968	0	0.04934601333872372	0.7719100603299911	FALSE	-0.21937062332460183
GSE279743	SRR31032965	baseline_0	3		6	-16.225846666565456	25.974759132906254	31.994818870613706	-0.20809122068309438	-0.1421702980273039	-0.6744907594765951	FALSE	0.15031396396786997
GSE279743	SRR31032960	delivery_vaccination_with_sm102	1		6	51.95862314418667	-4.5365114831314175	52.3156269730327	1.1530926047621095	-0.26970796613458514	-1.6377016024111697	FALSE	0.7248142303552897
GSE279743	SRR31032961	delivery_vaccination_with_sm102	2		6	42.215779618392034	-15.686840454559505	45.170687344963284	0.6744907594765952	-0.26702863521517317	-1.617466321088505	FALSE	0.6593701438961223
GSE279743	SRR31032962	delivery_vaccination_with_sm102	3		6	32.99728931174705	23.17056977539414	40.78290834266017	0.3805765717405222	-0.28111088760430536	-1.723820611514637	FALSE	0.6285232105235911
GSE279743	SRR31032957	delivery_vaccination_with_ssop	1		6	-13.49414802450665	-17.198382604314467	24.303272664270715	-0.723307359528094	-0.05286173256154211	0	FALSE	0.1557908089456337
GSE279743	SRR31032958	delivery_vaccination_with_ssop	2		6	-19.791045542304392	4.542006166253394	20.486313873450385	-0.9789853100440989	0.006697012860970953	0.4498093013139337	FALSE	-0.21798786784321572
GSE279743	SRR31032959	delivery_vaccination_with_ssop	3		6	-19.631483810611762	-12.720761218646478	23.790216929810683	-0.7576742589042941	-0.04921259820182695	0.02755958952962929	FALSE	0.08372062482584915
GSE279744	SRR31032510	baseline_0	1		6	-19.997454225246337	31.228126266831403	39.57195994650335	1.0360618159710944	-0.08014152609711653	-0.04102934256031753	FALSE	0.10253255278844163
GSE279744	SRR31032511	baseline_0	2		6	-22.805229009934042	-4.54451578123161	32.91064449381092	0	0.03142461968879638	0.9550508583167635	FALSE	0.11235289040030633
GSE279744	SRR31032512	baseline_0	3		6	-19.835930210278825	-14.086036819078279	30.151230494155797	-0.42918301945049064	4.343055804607865e-7	0.6744907594765952	FALSE	0.08861613649269302
GSE279744	SRR31032507	delivery_vaccination_with_sm102	1		6	29.940417594829047	-3.828880289044256	35.93893039983853	0.47100177395299614	-0.2649121119242331	-1.690690366075653	FALSE	0.6047497371731345
GSE279744	SRR31032508	delivery_vaccination_with_sm102	2		6	30.830735026813468	12.267901116595562	39.03188388985171	0.9520615634697905	-0.20998692256710477	-1.2003095855739738	FALSE	0.5753663056968923
GSE279744	SRR31032509	delivery_vaccination_with_sm102	3		6	37.00388270301684	-4.3479648373452	37.99261538283474	0.7904198540644265	-0.29030630951479885	-1.9174137798759432	FALSE	0.6345005488401986
GSE279744	SRR31032504	delivery_vaccination_with_ssop	1		6	-13.43130846893072	-1.7988790767585052	30.868005644874913	-0.3177000294058078	-0.012464113109546275	0.5632053080913146	FALSE	-0.05300428269818588
GSE279744	SRR31032505	delivery_vaccination_with_ssop	2		6	-13.82099216257525	0.47462588274634626	28.574034795876596	-0.6744907594765952	-0.039910021522996386	0.3181638954554102	FALSE	-0.05206028990586718
GSE279744	SRR31032506	delivery_vaccination_with_ssop	3		6	-7.884121247694284	-15.364376462715507	26.83151789588267	-0.9455115866074175	-0.07554602705039928	0	FALSE	-0.006913663139019252
GSE39129	SRR518631	delivery_lentiviral_vector_lv_	1		4	-45.96756716648063	1.0055971766895173	45.97856518951713	1.2627174495843365	-0.40061578037807144	0	FALSE	0.52492568985584
GSE39129	SRR518632	delivery_lentiviral_vector_lv_	2		4	-29.212800993811566	-3.1336670028315563	29.380395007362893	-0.7268583880626477	-0.5040048688068942	-0.9400080125356336	FALSE	0.5833829086283784
GSE39129	SRR518633	delivery_lentiviral_vector_lv_	3		4	8.226824718478694	-38.29584485292694	39.16953379794076	0.44653806439972676	-0.060903409674275016	3.088646541640469	FALSE	0.21032356487745024
GSE39129	SRR518634	delivery_none	1		4	10.762058824525324	26.158431011524993	28.28578128896664	-0.8580666466705524	-0.40061578037807144	0	FALSE	0.517917689980097
GSE39129	SRR518635	delivery_none	2		4	38.75077382799899	-12.228207840893983	40.63436401949502	0.6221231308905428	0.09909666021613725	4.543358542576538	FALSE	0.3508610540589749
GSE39129	SRR518636	delivery_none	3		4	17.440710789289295	26.49369150843801	31.718986153089936	-0.4465380643997276	-0.4455977352722566	-0.4089735064175569	FALSE	0.5523908808963516
