holdout_anchor	training_anchors	dataset_id	gse_id	split_id	split_path	pass	fail_reason	contrast_label	control_label	tissue	time_h	delivery_group	n_split_samples	n_scored_samples	n_control	n_controls	n_delivery	mean_coverage	mean_control_imrs_z	mean_delivery_imrs_z	control_mean_imrs_z	delivery_mean_imrs_z	delta_mean_imrs_z	control_median_imrs_z	delivery_median_imrs_z	delta_median_imrs_z	control_sd_imrs_z	delivery_sd_imrs_z	auc_imrs_z	positive_delta	n_model_genes	n_overlap_genes	coverage	notes
GSE39129	GSE167521;GSE264344;GSE279372;GSE279744	GSE39129	GSE39129	GSE39129_design__T=liver__H=4__B=NA__G=delivery_lentiviral_vector_lv__VS=delivery_none	<upstream_project_root>/00_metadata/verified_metadata/splited/GSE39129_design/GSE39129_design__T=liver__H=4__B=NA__G=delivery_lentiviral_vector_lv__VS=delivery_none.tsv	TRUE	NA	delivery_lentiviral_vector_lv___vs__delivery_none	delivery_none	liver	4	delivery_lentiviral_vector_lv___vs__delivery_none	6	6	3	3	3	1	-4.625929269271486e-17	50.16108633119239	-4.625929269271486e-17	50.16108633119239	50.16108633119239	-0.08101313009192804	52.14877177723013	52.229784907322056	0.9999999999999999	5.466931928060593	1	TRUE	423	423	1	ok
GSE167521	GSE39129;GSE264344;GSE279372;GSE279744	GSE167521	GSE167521	GSE167521_design__T=skin__H=24__B=NA__G=delivery_lnp__VS=baseline_0	<upstream_project_root>/00_metadata/verified_metadata/splited/GSE167521_design/GSE167521_design__T=skin__H=24__B=NA__G=delivery_lnp__VS=baseline_0.tsv	TRUE	NA	delivery_lnp__vs__baseline_0	baseline_0	skin	24	delivery_lnp__vs__baseline_0	8	8	4	4	4	1	-2.7755575615628914e-17	9.167746539344096	-2.7755575615628914e-17	9.167746539344096	9.167746539344096	-0.022731970303544402	8.868118612662467	8.890850582966012	0.9999999999999999	0.6470421044759871	1	TRUE	337	337	1	ok
GSE264344	GSE39129;GSE167521;GSE279372;GSE279744	GSE264344	GSE264344	GSE264344_design__T=Blood__H=12__B=NA__G=delivery_ad26__VS=baseline_0	<upstream_project_root>/00_metadata/verified_metadata/splited/GSE264344_design/GSE264344_design__T=Blood__H=12__B=NA__G=delivery_ad26__VS=baseline_0.tsv	TRUE	NA	delivery_ad26__vs__baseline_0	baseline_0	Blood	12	delivery_ad26__vs__baseline_0	10	10	5	5	5	1	0.6432678249286818	4.93201540989344	0.6432678249286818	4.93201540989344	4.288747584964758	0.5956516258019937	4.878276158460195	4.282624532658201	0.12729768365769792	0.23480037816809546	1	TRUE	395	395	1	ok
GSE264344	GSE39129;GSE167521;GSE279372;GSE279744	GSE264344	GSE264344	GSE264344_design__T=Blood__H=12__B=NA__G=delivery_ad5__VS=baseline_0	<upstream_project_root>/00_metadata/verified_metadata/splited/GSE264344_design/GSE264344_design__T=Blood__H=12__B=NA__G=delivery_ad5__VS=baseline_0.tsv	TRUE	NA	delivery_ad5__vs__baseline_0	baseline_0	Blood	12	delivery_ad5__vs__baseline_0	10	10	5	5	5	1	0.6432678249286818	3.2402232706192104	0.6432678249286818	3.2402232706192104	2.5969554456905284	0.5956516258019937	3.301166099559863	2.7055144737578694	0.12729768365769792	0.24815424528400523	1	TRUE	395	395	1	ok
GSE264344	GSE39129;GSE167521;GSE279372;GSE279744	GSE264344	GSE264344	GSE264344_design__T=Blood__H=1__B=NA__G=delivery_ad26__VS=baseline_0	<upstream_project_root>/00_metadata/verified_metadata/splited/GSE264344_design/GSE264344_design__T=Blood__H=1__B=NA__G=delivery_ad26__VS=baseline_0.tsv	TRUE	NA	delivery_ad26__vs__baseline_0	baseline_0	Blood	1	delivery_ad26__vs__baseline_0	10	10	5	5	5	1	0.6432678249286818	0.6634313554014177	0.6432678249286818	0.6634313554014177	0.02016353047273589	0.5956516258019937	0.6553610347684877	0.059709408966494015	0.12729768365769792	0.10222076772945685	0.56	TRUE	395	395	1	ok
GSE264344	GSE39129;GSE167521;GSE279372;GSE279744	GSE264344	GSE264344	GSE264344_design__T=Blood__H=1__B=NA__G=delivery_ad5__VS=baseline_0	<upstream_project_root>/00_metadata/verified_metadata/splited/GSE264344_design/GSE264344_design__T=Blood__H=1__B=NA__G=delivery_ad5__VS=baseline_0.tsv	TRUE	NA	delivery_ad5__vs__baseline_0	baseline_0	Blood	1	delivery_ad5__vs__baseline_0	10	10	5	5	5	1	0.6432678249286818	0.8185919194777813	0.6432678249286818	0.8185919194777813	0.17532409454909947	0.5956516258019937	0.8146776239969548	0.21902599819496105	0.12729768365769792	0.12307628914721064	0.8400000000000001	TRUE	395	395	1	ok
GSE264344	GSE39129;GSE167521;GSE279372;GSE279744	GSE264344	GSE264344	GSE264344_design__T=Blood__H=24__B=NA__G=delivery_ad26__VS=baseline_0	<upstream_project_root>/00_metadata/verified_metadata/splited/GSE264344_design/GSE264344_design__T=Blood__H=24__B=NA__G=delivery_ad26__VS=baseline_0.tsv	TRUE	NA	delivery_ad26__vs__baseline_0	baseline_0	Blood	24	delivery_ad26__vs__baseline_0	10	10	5	5	5	1	0.6432678249286818	3.2012035024040006	0.6432678249286818	3.2012035024040006	2.557935677475319	0.5956516258019937	3.281698455984309	2.686046830182315	0.12729768365769792	0.14914176058784773	1	TRUE	395	395	1	ok
GSE264344	GSE39129;GSE167521;GSE279372;GSE279744	GSE264344	GSE264344	GSE264344_design__T=Blood__H=24__B=NA__G=delivery_ad5__VS=baseline_0	<upstream_project_root>/00_metadata/verified_metadata/splited/GSE264344_design/GSE264344_design__T=Blood__H=24__B=NA__G=delivery_ad5__VS=baseline_0.tsv	TRUE	NA	delivery_ad5__vs__baseline_0	baseline_0	Blood	24	delivery_ad5__vs__baseline_0	10	10	5	5	5	1	0.6432678249286818	2.004186882828595	0.6432678249286818	2.004186882828595	1.360919057899913	0.5956516258019937	2.0672180478509508	1.471566422048957	0.12729768365769792	0.1593095665897674	1	TRUE	395	395	1	ok
GSE264344	GSE39129;GSE167521;GSE279372;GSE279744	GSE264344	GSE264344	GSE264344_design__T=Blood__H=3__B=NA__G=delivery_ad26__VS=baseline_0	<upstream_project_root>/00_metadata/verified_metadata/splited/GSE264344_design/GSE264344_design__T=Blood__H=3__B=NA__G=delivery_ad26__VS=baseline_0.tsv	TRUE	NA	delivery_ad26__vs__baseline_0	baseline_0	Blood	3	delivery_ad26__vs__baseline_0	10	10	5	5	5	1	0.6432678249286818	4.138757834260661	0.6432678249286818	4.138757834260661	3.495490009331979	0.5956516258019937	4.152028042818697	3.556376417016703	0.12729768365769792	0.5090507555945324	1	TRUE	395	395	1	ok
GSE264344	GSE39129;GSE167521;GSE279372;GSE279744	GSE264344	GSE264344	GSE264344_design__T=Blood__H=3__B=NA__G=delivery_ad5__VS=baseline_0	<upstream_project_root>/00_metadata/verified_metadata/splited/GSE264344_design/GSE264344_design__T=Blood__H=3__B=NA__G=delivery_ad5__VS=baseline_0.tsv	TRUE	NA	delivery_ad5__vs__baseline_0	baseline_0	Blood	3	delivery_ad5__vs__baseline_0	10	10	5	5	5	1	0.6432678249286818	1.4945877995065897	0.6432678249286818	1.4945877995065897	0.8513199745779079	0.5956516258019937	1.5065782042496434	0.9109265784476497	0.12729768365769792	0.403276394504695	1	TRUE	395	395	1	ok
GSE264344	GSE39129;GSE167521;GSE279372;GSE279744	GSE264344	GSE264344	GSE264344_design__T=Blood__H=6__B=NA__G=delivery_ad26__VS=baseline_0	<upstream_project_root>/00_metadata/verified_metadata/splited/GSE264344_design/GSE264344_design__T=Blood__H=6__B=NA__G=delivery_ad26__VS=baseline_0.tsv	TRUE	NA	delivery_ad26__vs__baseline_0	baseline_0	Blood	6	delivery_ad26__vs__baseline_0	10	10	5	5	5	1	0.6432678249286818	4.030268409223553	0.6432678249286818	4.030268409223553	3.3870005842948716	0.5956516258019937	4.06792070502026	3.4722690792182664	0.12729768365769792	0.18633313992644251	1	TRUE	395	395	1	ok
GSE264344	GSE39129;GSE167521;GSE279372;GSE279744	GSE264344	GSE264344	GSE264344_design__T=Blood__H=6__B=NA__G=delivery_ad5__VS=baseline_0	<upstream_project_root>/00_metadata/verified_metadata/splited/GSE264344_design/GSE264344_design__T=Blood__H=6__B=NA__G=delivery_ad5__VS=baseline_0.tsv	TRUE	NA	delivery_ad5__vs__baseline_0	baseline_0	Blood	6	delivery_ad5__vs__baseline_0	10	10	5	5	5	1	0.6432678249286818	5.152735841052941	0.6432678249286818	5.152735841052941	4.509468016124259	0.5956516258019937	5.462529436967256	4.866877811165263	0.12729768365769792	0.4934084133116835	1	TRUE	395	395	1	ok
GSE264344	GSE39129;GSE167521;GSE279372;GSE279744	GSE264344	GSE264344	GSE264344_design__T=Muscle__H=12__B=NA__G=delivery_ad26__VS=baseline_0	<upstream_project_root>/00_metadata/verified_metadata/splited/GSE264344_design/GSE264344_design__T=Muscle__H=12__B=NA__G=delivery_ad26__VS=baseline_0.tsv	TRUE	NA	delivery_ad26__vs__baseline_0	baseline_0	Muscle	12	delivery_ad26__vs__baseline_0	10	10	5	5	5	1	-1.3198549639474086	2.6079228908468375	-1.3198549639474086	2.6079228908468375	3.927777854794246	-1.2161375125024159	2.67138256286787	3.887520075370286	0.2213676301021204	0.5325399626435056	1	TRUE	395	395	1	ok
GSE264344	GSE39129;GSE167521;GSE279372;GSE279744	GSE264344	GSE264344	GSE264344_design__T=Muscle__H=12__B=NA__G=delivery_ad5__VS=baseline_0	<upstream_project_root>/00_metadata/verified_metadata/splited/GSE264344_design/GSE264344_design__T=Muscle__H=12__B=NA__G=delivery_ad5__VS=baseline_0.tsv	TRUE	NA	delivery_ad5__vs__baseline_0	baseline_0	Muscle	12	delivery_ad5__vs__baseline_0	10	10	5	5	5	1	-1.3198549639474086	2.7944857031254	-1.3198549639474086	2.7944857031254	4.114340667072809	-1.2161375125024159	2.9894174813907806	4.205554993893196	0.2213676301021204	0.6866734997833555	1	TRUE	395	395	1	ok
GSE264344	GSE39129;GSE167521;GSE279372;GSE279744	GSE264344	GSE264344	GSE264344_design__T=Muscle__H=1__B=NA__G=delivery_ad26__VS=baseline_0	<upstream_project_root>/00_metadata/verified_metadata/splited/GSE264344_design/GSE264344_design__T=Muscle__H=1__B=NA__G=delivery_ad26__VS=baseline_0.tsv	TRUE	NA	delivery_ad26__vs__baseline_0	baseline_0	Muscle	1	delivery_ad26__vs__baseline_0	10	10	5	5	5	1	-1.3198549639474086	-0.9211464277591511	-1.3198549639474086	-0.9211464277591511	0.3987085361882575	-1.2161375125024159	-0.9637399504914982	0.2523975620109177	0.2213676301021204	0.13155934793597496	1	TRUE	395	395	1	ok
GSE264344	GSE39129;GSE167521;GSE279372;GSE279744	GSE264344	GSE264344	GSE264344_design__T=Muscle__H=1__B=NA__G=delivery_ad5__VS=baseline_0	<upstream_project_root>/00_metadata/verified_metadata/splited/GSE264344_design/GSE264344_design__T=Muscle__H=1__B=NA__G=delivery_ad5__VS=baseline_0.tsv	TRUE	NA	delivery_ad5__vs__baseline_0	baseline_0	Muscle	1	delivery_ad5__vs__baseline_0	10	10	5	5	5	1	-1.3198549639474086	-0.9791734182697889	-1.3198549639474086	-0.9791734182697889	0.34068154567761977	-1.2161375125024159	-0.9248071488314613	0.29133036367095455	0.2213676301021204	0.17100982438349263	0.92	TRUE	395	395	1	ok
GSE264344	GSE39129;GSE167521;GSE279372;GSE279744	GSE264344	GSE264344	GSE264344_design__T=Muscle__H=24__B=NA__G=delivery_ad26__VS=baseline_0	<upstream_project_root>/00_metadata/verified_metadata/splited/GSE264344_design/GSE264344_design__T=Muscle__H=24__B=NA__G=delivery_ad26__VS=baseline_0.tsv	TRUE	NA	delivery_ad26__vs__baseline_0	baseline_0	Muscle	24	delivery_ad26__vs__baseline_0	10	10	5	5	5	1	-1.3198549639474086	1.8706230907052428	-1.3198549639474086	1.8706230907052428	3.1904780546526514	-1.2161375125024159	2.0734633408420113	3.289600853344427	0.2213676301021204	0.6198486267347418	1	TRUE	395	395	1	ok
GSE264344	GSE39129;GSE167521;GSE279372;GSE279744	GSE264344	GSE264344	GSE264344_design__T=Muscle__H=24__B=NA__G=delivery_ad5__VS=baseline_0	<upstream_project_root>/00_metadata/verified_metadata/splited/GSE264344_design/GSE264344_design__T=Muscle__H=24__B=NA__G=delivery_ad5__VS=baseline_0.tsv	TRUE	NA	delivery_ad5__vs__baseline_0	baseline_0	Muscle	24	delivery_ad5__vs__baseline_0	10	10	5	5	5	1	-1.3198549639474086	1.8078548342582499	-1.3198549639474086	1.8078548342582499	3.1277097982056583	-1.2161375125024159	2.3212401731673706	3.5373776856697865	0.2213676301021204	1.1973069430771752	1	TRUE	395	395	1	ok
GSE264344	GSE39129;GSE167521;GSE279372;GSE279744	GSE264344	GSE264344	GSE264344_design__T=Muscle__H=3__B=NA__G=delivery_ad26__VS=baseline_0	<upstream_project_root>/00_metadata/verified_metadata/splited/GSE264344_design/GSE264344_design__T=Muscle__H=3__B=NA__G=delivery_ad26__VS=baseline_0.tsv	TRUE	NA	delivery_ad26__vs__baseline_0	baseline_0	Muscle	3	delivery_ad26__vs__baseline_0	10	10	5	5	5	1	-1.3198549639474086	1.4501297990178406	-1.3198549639474086	1.4501297990178406	2.769984762965249	-1.2161375125024159	1.7746758906967426	2.9908134031991587	0.2213676301021204	0.5560812415876135	1	TRUE	395	395	1	ok
GSE264344	GSE39129;GSE167521;GSE279372;GSE279744	GSE264344	GSE264344	GSE264344_design__T=Muscle__H=3__B=NA__G=delivery_ad5__VS=baseline_0	<upstream_project_root>/00_metadata/verified_metadata/splited/GSE264344_design/GSE264344_design__T=Muscle__H=3__B=NA__G=delivery_ad5__VS=baseline_0.tsv	TRUE	NA	delivery_ad5__vs__baseline_0	baseline_0	Muscle	3	delivery_ad5__vs__baseline_0	10	10	5	5	5	1	-1.3198549639474086	0.23735822296294176	-1.3198549639474086	0.23735822296294176	1.5572131869103505	-1.2161375125024159	0.3235279231506833	1.5396654356530992	0.2213676301021204	0.5143081657191022	1	TRUE	395	395	1	ok
GSE264344	GSE39129;GSE167521;GSE279372;GSE279744	GSE264344	GSE264344	GSE264344_design__T=Muscle__H=6__B=NA__G=delivery_ad26__VS=baseline_0	<upstream_project_root>/00_metadata/verified_metadata/splited/GSE264344_design/GSE264344_design__T=Muscle__H=6__B=NA__G=delivery_ad26__VS=baseline_0.tsv	TRUE	NA	delivery_ad26__vs__baseline_0	baseline_0	Muscle	6	delivery_ad26__vs__baseline_0	10	10	5	5	5	1	-1.3198549639474086	2.6188675560282073	-1.3198549639474086	2.6188675560282073	3.9387225199756157	-1.2161375125024159	2.4225003787568617	3.6386378912592776	0.2213676301021204	0.5212005480727178	1	TRUE	395	395	1	ok
GSE264344	GSE39129;GSE167521;GSE279372;GSE279744	GSE264344	GSE264344	GSE264344_design__T=Muscle__H=6__B=NA__G=delivery_ad5__VS=baseline_0	<upstream_project_root>/00_metadata/verified_metadata/splited/GSE264344_design/GSE264344_design__T=Muscle__H=6__B=NA__G=delivery_ad5__VS=baseline_0.tsv	TRUE	NA	delivery_ad5__vs__baseline_0	baseline_0	Muscle	6	delivery_ad5__vs__baseline_0	10	10	5	5	5	1	-1.3198549639474086	2.3471544031392977	-1.3198549639474086	2.3471544031392977	3.667009367086706	-1.2161375125024159	2.6945000766903173	3.910637589192733	0.2213676301021204	0.952850426917364	1	TRUE	395	395	1	ok
GSE264344	GSE39129;GSE167521;GSE279372;GSE279744	GSE264344	GSE264344	GSE264344_design__T=dLN__H=12__B=NA__G=delivery_ad26__VS=baseline_0	<upstream_project_root>/00_metadata/verified_metadata/splited/GSE264344_design/GSE264344_design__T=dLN__H=12__B=NA__G=delivery_ad26__VS=baseline_0.tsv	TRUE	NA	delivery_ad26__vs__baseline_0	baseline_0	dLN	12	delivery_ad26__vs__baseline_0	10	10	5	5	5	1	0.6765871390187268	5.898565097779469	0.6765871390187268	5.898565097779469	5.221977958760742	0.5541429036968021	5.886528647042253	5.3323857433454505	0.409653146777926	0.14751304366272616	1	TRUE	395	395	1	ok
GSE264344	GSE39129;GSE167521;GSE279372;GSE279744	GSE264344	GSE264344	GSE264344_design__T=dLN__H=12__B=NA__G=delivery_ad5__VS=baseline_0	<upstream_project_root>/00_metadata/verified_metadata/splited/GSE264344_design/GSE264344_design__T=dLN__H=12__B=NA__G=delivery_ad5__VS=baseline_0.tsv	TRUE	NA	delivery_ad5__vs__baseline_0	baseline_0	dLN	12	delivery_ad5__vs__baseline_0	10	10	5	5	5	1	0.6765871390187268	5.395638929336868	0.6765871390187268	5.395638929336868	4.719051790318141	0.5541429036968021	5.492024891640165	4.937881987943363	0.409653146777926	0.39147290710363697	1	TRUE	395	395	1	ok
GSE264344	GSE39129;GSE167521;GSE279372;GSE279744	GSE264344	GSE264344	GSE264344_design__T=dLN__H=1__B=NA__G=delivery_ad26__VS=baseline_0	<upstream_project_root>/00_metadata/verified_metadata/splited/GSE264344_design/GSE264344_design__T=dLN__H=1__B=NA__G=delivery_ad26__VS=baseline_0.tsv	TRUE	NA	delivery_ad26__vs__baseline_0	baseline_0	dLN	1	delivery_ad26__vs__baseline_0	10	10	5	5	5	1	0.6765871390187268	0.9648009486088427	0.6765871390187268	0.9648009486088427	0.2882138095901159	0.5541429036968021	0.7978501387588021	0.24370723506199998	0.409653146777926	0.4092691178343424	0.8400000000000001	TRUE	395	395	1	ok
GSE264344	GSE39129;GSE167521;GSE279372;GSE279744	GSE264344	GSE264344	GSE264344_design__T=dLN__H=1__B=NA__G=delivery_ad5__VS=baseline_0	<upstream_project_root>/00_metadata/verified_metadata/splited/GSE264344_design/GSE264344_design__T=dLN__H=1__B=NA__G=delivery_ad5__VS=baseline_0.tsv	TRUE	NA	delivery_ad5__vs__baseline_0	baseline_0	dLN	1	delivery_ad5__vs__baseline_0	10	10	5	5	5	1	0.6765871390187268	0.913290342246375	0.6765871390187268	0.913290342246375	0.23670320322764815	0.5541429036968021	0.8887942814649743	0.3346513777681722	0.409653146777926	0.11203375054358891	0.8	TRUE	395	395	1	ok
GSE264344	GSE39129;GSE167521;GSE279372;GSE279744	GSE264344	GSE264344	GSE264344_design__T=dLN__H=24__B=NA__G=delivery_ad26__VS=baseline_0	<upstream_project_root>/00_metadata/verified_metadata/splited/GSE264344_design/GSE264344_design__T=dLN__H=24__B=NA__G=delivery_ad26__VS=baseline_0.tsv	TRUE	NA	delivery_ad26__vs__baseline_0	baseline_0	dLN	24	delivery_ad26__vs__baseline_0	10	10	5	5	5	1	0.6765871390187268	4.229906610819691	0.6765871390187268	4.229906610819691	3.5533194718009646	0.5541429036968021	4.174724696753536	3.620581793056734	0.409653146777926	0.3870955765018213	1	TRUE	395	395	1	ok
GSE264344	GSE39129;GSE167521;GSE279372;GSE279744	GSE264344	GSE264344	GSE264344_design__T=dLN__H=24__B=NA__G=delivery_ad5__VS=baseline_0	<upstream_project_root>/00_metadata/verified_metadata/splited/GSE264344_design/GSE264344_design__T=dLN__H=24__B=NA__G=delivery_ad5__VS=baseline_0.tsv	TRUE	NA	delivery_ad5__vs__baseline_0	baseline_0	dLN	24	delivery_ad5__vs__baseline_0	10	10	5	5	5	1	0.6765871390187268	3.688563759267489	0.6765871390187268	3.688563759267489	3.0119766202487623	0.5541429036968021	3.662832530420278	3.108689626723476	0.409653146777926	0.12157586573272441	1	TRUE	395	395	1	ok
GSE264344	GSE39129;GSE167521;GSE279372;GSE279744	GSE264344	GSE264344	GSE264344_design__T=dLN__H=3__B=NA__G=delivery_ad26__VS=baseline_0	<upstream_project_root>/00_metadata/verified_metadata/splited/GSE264344_design/GSE264344_design__T=dLN__H=3__B=NA__G=delivery_ad26__VS=baseline_0.tsv	TRUE	NA	delivery_ad26__vs__baseline_0	baseline_0	dLN	3	delivery_ad26__vs__baseline_0	10	10	5	5	5	1	0.6765871390187268	4.742050373976325	0.6765871390187268	4.742050373976325	4.0654632349575985	0.5541429036968021	4.606617188637936	4.052474284941134	0.409653146777926	0.7500460241517386	1	TRUE	395	395	1	ok
GSE264344	GSE39129;GSE167521;GSE279372;GSE279744	GSE264344	GSE264344	GSE264344_design__T=dLN__H=3__B=NA__G=delivery_ad5__VS=baseline_0	<upstream_project_root>/00_metadata/verified_metadata/splited/GSE264344_design/GSE264344_design__T=dLN__H=3__B=NA__G=delivery_ad5__VS=baseline_0.tsv	TRUE	NA	delivery_ad5__vs__baseline_0	baseline_0	dLN	3	delivery_ad5__vs__baseline_0	10	10	5	5	5	1	0.6765871390187268	3.2121288776994508	0.6765871390187268	3.2121288776994508	2.535541738680724	0.5541429036968021	3.4395977195698717	2.8854548158730697	0.409653146777926	0.6663807943441994	1	TRUE	395	395	1	ok
GSE264344	GSE39129;GSE167521;GSE279372;GSE279744	GSE264344	GSE264344	GSE264344_design__T=dLN__H=6__B=NA__G=delivery_ad26__VS=baseline_0	<upstream_project_root>/00_metadata/verified_metadata/splited/GSE264344_design/GSE264344_design__T=dLN__H=6__B=NA__G=delivery_ad26__VS=baseline_0.tsv	TRUE	NA	delivery_ad26__vs__baseline_0	baseline_0	dLN	6	delivery_ad26__vs__baseline_0	10	10	5	5	5	1	0.6765871390187268	6.070400104996771	0.6765871390187268	6.070400104996771	5.393812965978044	0.5541429036968021	6.091194327641022	5.537051423944219	0.409653146777926	0.09933969975881922	1	TRUE	395	395	1	ok
GSE264344	GSE39129;GSE167521;GSE279372;GSE279744	GSE264344	GSE264344	GSE264344_design__T=dLN__H=6__B=NA__G=delivery_ad5__VS=baseline_0	<upstream_project_root>/00_metadata/verified_metadata/splited/GSE264344_design/GSE264344_design__T=dLN__H=6__B=NA__G=delivery_ad5__VS=baseline_0.tsv	TRUE	NA	delivery_ad5__vs__baseline_0	baseline_0	dLN	6	delivery_ad5__vs__baseline_0	10	10	5	5	5	1	0.6765871390187268	5.682108678274101	0.6765871390187268	5.682108678274101	5.0055215392553745	0.5541429036968021	5.8651742129135345	5.311031309216732	0.409653146777926	0.4475406876049054	1	TRUE	395	395	1	ok
GSE279372	GSE39129;GSE167521;GSE264344;GSE279744	GSE279372	GSE279372	GSE279372_design__T=draining_lymph_nodes__H=24__B=NA__G=GID00110503__VS=baseline_0	<upstream_project_root>/00_metadata/verified_metadata/splited/GSE279372_design/GSE279372_design__T=draining_lymph_nodes__H=24__B=NA__G=GID00110503__VS=baseline_0.tsv	TRUE	NA	delivery_250_g_alum_5_g_gi_1_gii_4_vlp_injected__vs__baseline_0	baseline_0	draining lymph nodes	24	delivery_250_g_alum_5_g_gi_1_gii_4_vlp_injected__vs__baseline_0	8	8	4	4	4	1	0	0.14548627445532203	0	0.14548627445532203	0.14548627445532203	0.21956435087417048	-0.0641271638456018	-0.2836915147197723	0.9999999999999999	1.405223495841407	0.5	TRUE	438	438	1	ok
GSE279372	GSE39129;GSE167521;GSE264344;GSE279744	GSE279372	GSE279372	GSE279372_design__T=draining_lymph_nodes__H=24__B=NA__G=GID00110754__VS=baseline_0	<upstream_project_root>/00_metadata/verified_metadata/splited/GSE279372_design/GSE279372_design__T=draining_lymph_nodes__H=24__B=NA__G=GID00110754__VS=baseline_0.tsv	TRUE	NA	delivery_125_g_lnps_5_g_gi_1_gii_4_vlp_injected__vs__baseline_0	baseline_0	draining lymph nodes	24	delivery_125_g_lnps_5_g_gi_1_gii_4_vlp_injected__vs__baseline_0	8	8	4	4	4	1	0	24.828781155230647	0	24.828781155230647	24.828781155230647	0.21956435087417048	25.80570699404805	25.586142643173883	0.9999999999999999	2.5412841059124447	1	TRUE	438	438	1	ok
GSE279372	GSE39129;GSE167521;GSE264344;GSE279744	GSE279372	GSE279372	GSE279372_design__T=draining_lymph_nodes__H=24__B=NA__G=GID00114748__VS=baseline_0	<upstream_project_root>/00_metadata/verified_metadata/splited/GSE279372_design/GSE279372_design__T=draining_lymph_nodes__H=24__B=NA__G=GID00114748__VS=baseline_0.tsv	TRUE	NA	delivery_1000_g_lnps_5_g_gi_1_gii_4_vlp_injected__vs__baseline_0	baseline_0	draining lymph nodes	24	delivery_1000_g_lnps_5_g_gi_1_gii_4_vlp_injected__vs__baseline_0	8	8	4	4	4	1	0	33.58909711252986	0	33.58909711252986	33.58909711252986	0.21956435087417048	33.558933991176374	33.3393696403022	0.9999999999999999	1.613389503291294	1	TRUE	438	438	1	ok
GSE279372	GSE39129;GSE167521;GSE264344;GSE279744	GSE279372	GSE279372	GSE279372_design__T=draining_lymph_nodes__H=24__B=NA__G=delivery_1000_g_lnps_injected__VS=baseline_0	<upstream_project_root>/00_metadata/verified_metadata/splited/GSE279372_design/GSE279372_design__T=draining_lymph_nodes__H=24__B=NA__G=delivery_1000_g_lnps_injected__VS=baseline_0.tsv	TRUE	NA	delivery_1000_g_lnps_injected__vs__baseline_0	baseline_0	draining lymph nodes	24	delivery_1000_g_lnps_injected__vs__baseline_0	8	8	4	4	4	1	0	32.50625837102269	0	32.50625837102269	32.50625837102269	0.21956435087417048	32.44637650060072	32.22681214972655	0.9999999999999999	1.1194620776834767	1	TRUE	438	438	1	ok
GSE279372	GSE39129;GSE167521;GSE264344;GSE279744	GSE279372	GSE279372	GSE279372_design__T=draining_lymph_nodes__H=24__B=NA__G=delivery_250_g_alum_injected__VS=baseline_0	<upstream_project_root>/00_metadata/verified_metadata/splited/GSE279372_design/GSE279372_design__T=draining_lymph_nodes__H=24__B=NA__G=delivery_250_g_alum_injected__VS=baseline_0.tsv	TRUE	NA	delivery_250_g_alum_injected__vs__baseline_0	baseline_0	draining lymph nodes	24	delivery_250_g_alum_injected__vs__baseline_0	8	8	4	4	4	1	0	-0.6838096274502249	0	-0.6838096274502249	-0.6838096274502249	0.21956435087417048	-0.574733455796818	-0.7942978066709885	0.9999999999999999	0.5212224957421183	0.25	FALSE	438	438	1	ok
GSE279372	GSE39129;GSE167521;GSE264344;GSE279744	GSE279372	GSE279372	GSE279372_design__T=draining_lymph_nodes__H=24__B=NA__G=delivery_5_g_gi_1_gii_4_vlp__VS=baseline_0	<upstream_project_root>/00_metadata/verified_metadata/splited/GSE279372_design/GSE279372_design__T=draining_lymph_nodes__H=24__B=NA__G=delivery_5_g_gi_1_gii_4_vlp__VS=baseline_0.tsv	TRUE	NA	delivery_5_g_gi_1_gii_4_vlp__vs__baseline_0	baseline_0	draining lymph nodes	24	delivery_5_g_gi_1_gii_4_vlp__vs__baseline_0	8	8	4	4	4	1	0	2.5852246301837565	0	2.5852246301837565	2.5852246301837565	0.21956435087417048	2.326995685530175	2.1074313346560043	0.9999999999999999	0.6591073660169755	1	TRUE	438	438	1	ok
GSE279744	GSE39129;GSE167521;GSE264344;GSE279372	GSE279744	GSE279744	GSE279744_design__T=lymph_node__H=6__B=NA__G=delivery_vaccination_with_sm102__VS=baseline_0	<upstream_project_root>/00_metadata/verified_metadata/splited/GSE279744_design/GSE279744_design__T=lymph_node__H=6__B=NA__G=delivery_vaccination_with_sm102__VS=baseline_0.tsv	TRUE	NA	delivery_vaccination_with_sm102__vs__baseline_0	baseline_0	lymph node	6	delivery_vaccination_with_sm102__vs__baseline_0	6	6	3	3	3	1	0	61.519711421014456	0	61.519711421014456	61.519711421014456	0.3157456285382235	61.20743566097286	60.89169003243464	0.9999999999999999	4.413410597601183	1	TRUE	386	386	1	ok
GSE279744	GSE39129;GSE167521;GSE264344;GSE279372	GSE279744	GSE279744	GSE279744_design__T=lymph_node__H=6__B=NA__G=delivery_vaccination_with_ssop__VS=baseline_0	<upstream_project_root>/00_metadata/verified_metadata/splited/GSE279744_design/GSE279744_design__T=lymph_node__H=6__B=NA__G=delivery_vaccination_with_ssop__VS=baseline_0.tsv	TRUE	NA	delivery_vaccination_with_ssop__vs__baseline_0	baseline_0	lymph node	6	delivery_vaccination_with_ssop__vs__baseline_0	6	6	3	3	3	1	0	14.108020734586034	0	14.108020734586034	14.108020734586034	0.3157456285382235	13.797327689949432	13.481582061411208	0.9999999999999999	0.5483724974189927	1	TRUE	386	386	1	ok
