script_file	pipeline_stage	role_in_reconstruction	primary_inputs	primary_outputs	package_dependencies	path_portability_status	execution_status	in_default_reviewer_run_yes_no	notes
METADATA_BUILD.R	01_metadata_processing	Build per-dataset sample and design metadata from SRA run-table metadata	00_metadata/<dataset_id>/SraRunTable.csv	00_metadata/<dataset_id>/<dataset_id>_samples.tsv; 00_metadata/<dataset_id>/<dataset_id>_design.tsv	readr; dplyr; stringr; tibble	requires_path_update	not_run_documentation_only	no	Contains historical project_root default; metadata assignment should be reviewed against released curation records.
01_run_all_metadata_build.R	01_metadata_processing	Wrapper that applies METADATA_BUILD.R across detected GSE metadata folders	00_metadata/GSE*/; METADATA_BUILD.R	00_metadata/metadata_build_summary.csv	stringr; dplyr; readr; tibble	requires_path_update	not_run_documentation_only	no	Sources METADATA_BUILD.R from the original script-tree layout and requires portable source resolution.
02_adding_control_to_design.R	02_design_and_split_generation	Build dataset-level scoring designs with control/delivery labels	00_metadata/verified_metadata/*.tsv	00_metadata/verified_metadata/scoring/<DATASET>/<DATASET>_design.tsv; scoring/control_audit.tsv	readr; dplyr; stringr; tibble	runnable_after_project_root_argument	not_run_documentation_only	no	Accepts project_root argument but retains historical default.
03_Final_design_file_autogroup.R	02_design_and_split_generation	Build contrast-level DESeq2-ready split definitions with documented control fallback	00_metadata/verified_metadata/*.tsv	00_metadata/verified_metadata/splited/<DATASET>_design/*.tsv; split indices/maps	readr; dplyr; stringr; tibble	requires_path_update	not_run_documentation_only	no	Has directly assigned absolute input path and includes dataset-specific scope decisions requiring curation traceability.
05_DEseq_contrast_delivery_control.R	03_anchor_differential_expression	Run phase-aware DESeq2 normalization and delivery-versus-control differential-expression contrasts	03_counts/<DATASET>/featurecounts/validation/gene_counts_clean.tsv; verified full designs; split designs	04_de/<DATASET>/normalized/{anchor,calibration}/; 04_de/comparison/<DATASET>/deseq2_contrasts/{anchor,calibration}/; tracker table	DESeq2; readr; dplyr; tibble; stringr	runnable_after_project_root_argument_not_tested	not_run_documentation_only	no	Requires raw integer count matrices and may be computationally substantial.
06A_core_gene_set.R	04_locked_anchor_gene_selection	Construct locked-anchor core/support gene set from Step05 DE tables	04_de/comparison/*/deseq2_contrasts/anchor/*.tsv	05_score/anchors/core_gene_set.tsv; support_by_dataset.tsv; contrast-count audits	readr; dplyr; stringr; purrr; tibble; tidyr	runnable_after_project_root_argument_not_tested	not_run_documentation_only	no	Core reconstruction script; retained for provenance.
06A_core_gene_set_mannual.R	04_locked_anchor_gene_selection	Historical/manual-labeled alternate core-gene script	04_de/comparison/*/deseq2_contrasts/anchor/*.tsv	05_score/anchors/core_gene_set.tsv; contrast-count audits	readr; dplyr; stringr; purrr; tibble; tidyr	requires_manual_role_confirmation	not_run_documentation_only	no	Name and relationship to canonical 06A require clarification before execution; do not run alongside canonical step without review.
06B_gene_heterogeneity.R	04_locked_anchor_gene_selection	Compute cross-anchor meta-estimates and heterogeneity annotations	Step05 anchor DE tables; core_gene_set.tsv	05_score/anchors/gene_heterogeneity.tsv; contrast_counts_by_dataset_6B.tsv	readr; dplyr; stringr; purrr; tibble; tidyr	runnable_after_project_root_argument_not_tested	not_run_documentation_only	no	Anchor-only reconstruction stage.
06C_Power_analysis.R	04_locked_anchor_gene_selection	Compute information/power annotation used in filtering/weighting	05_score/anchors/gene_heterogeneity.tsv; optional core_gene_set.tsv	05_score/anchors/gene_power.tsv	readr; dplyr	runnable_after_project_root_argument_not_tested	not_run_documentation_only	no	Produces gene_power used both for provenance and Priority3 enrichment background.
07_weight_estimation.R	05_weight_estimation	Estimate frozen anchor-derived coefficient table from retained anchor inputs	core_gene_set.tsv; gene_heterogeneity.tsv; gene_power.tsv	05_score/anchors/gene_weights.tsv	readr; dplyr	runnable_after_project_root_argument_not_tested	not_run_documentation_only	no	Canonical output maps to released data/derived/frozen_gene_weights.tsv; no refitting occurs in Layer 2.
08_score_samples.R	06_frozen_IMRS_scoring	Apply frozen anchor weights to sample count matrices and generate sample-level scores	03_counts/<DATASET>/**/gene_counts_clean.tsv; scoring designs; 05_score/anchors/gene_weights.tsv	05_score/transfer/scores/*__imrs_scores.tsv; transfer/qc/*__qc_summary.tsv; top contributors	DESeq2; readr; dplyr; stringr; tibble; purrr	requires_inputs_and_path_review	not_run_documentation_only	no	Frozen weights are loaded and reused; validation coefficients are not updated.
09_calibration_evaluation.R	07_split_contrast_transfer_evaluation	Evaluate split-level delivery-minus-control Delta IMRSz and secondary AUC	05_score/transfer/scores/*__imrs_scores.tsv; verified split designs	05_score/transfer/eval/step09_split_eval.tsv; step09_split_summary.tsv; step09_split_sample_level.tsv; evaluation figures	readr; dplyr; tidyr; stringr; tibble; purrr; ggplot2; pROC	requires_inputs_and_path_review	not_run_documentation_only	no	Evaluation only; principal bridge from Layer 1 score outputs to released manuscript input tables.
Post-09_Check.R	08_post_evaluation_checks	Create post-evaluation dataset/pass-check summaries	step09_split_eval.tsv	05_score/transfer/eval/checks/*.tsv	readr; dplyr; tibble; pROC	requires_path_and_dependency_cleanup	not_run_documentation_only	no	Attempts installation of pROC if absent; retain as optional audit script, not a required reconstruction step.
audit_gse264344.R	09_boundary_context_audit	Stratified dataset-specific audit of GSE264344 score behavior	sample scores; scoring design	05_score/literature_compare/GSE264344_audit/*	readr; dplyr; stringr; tibble; tidyr; ggplot2	runnable_after_project_root_argument_not_tested	not_run_documentation_only	no	Optional boundary/context audit, not part of frozen-score construction.
compare_imrs_to_literature.R	09_boundary_context_audit	Compare observed dataset summaries with publication-context expectations	sample scores; audit expectation table	05_score/literature_compare/all_dataset_imrs_summary.tsv; imrs_vs_literature.tsv	readr; dplyr; stringr; tibble; purrr	runnable_after_project_root_argument_not_tested	not_run_documentation_only	no	Optional publication-context provenance; review expectation source tables before use.
post_09A_flag_low_imrs_datasets.R	09_boundary_context_audit	Historical diagnostic flag/report script for attenuated settings	score and QC tables; scoring designs	05_score/failure_diagnosis/*	readr; dplyr; stringr; tidyr; purrr; tibble; ggplot2	requires_path_and_terminology_review	not_run_documentation_only	no	Historical diagnostic naming should be replaced with boundary-setting terminology for manuscript-facing use.
post_09B_diagnose_weak_datasets.R	09_boundary_context_audit	Historical diagnostic extraction script for context review	flagged diagnostic results; scores/QC/design; optional DE	05_score/failure_diagnosis/diagnosis/*	readr; dplyr; stringr; tidyr; purrr; tibble	requires_path_and_terminology_review	not_run_documentation_only	no	Historical diagnostic naming; retain for internal provenance unless revised.
post_09C_Noise_Rescore.R	10_robustness_sensitivity	Historical outlier/noise sensitivity rescore using frozen weights	diagnostic tables; counts; designs; frozen weights	05_score/noise_rescore/*	DESeq2; readr; dplyr; stringr; tibble; purrr	requires_path_and_terminology_review	not_run_documentation_only	no	Uses frozen weights without retraining; optional robustness provenance only.
frozen_gene_reconstruction/06A_core_gene_set.R	04_locked_anchor_gene_selection	Focused reconstruction copy of canonical Step06A	Step05 anchor DE tables	05_score/anchors/core_gene_set.tsv; support/audit tables	readr; dplyr; stringr; purrr; tibble; tidyr	runnable_after_project_root_argument_not_tested	not_run_documentation_only	no	Duplicate preserved in focused frozen-gene reconstruction subfolder.
frozen_gene_reconstruction/06B_gene_heterogeneity.R	04_locked_anchor_gene_selection	Focused reconstruction copy of canonical Step06B	Step05 anchor DE tables; core_gene_set.tsv	05_score/anchors/gene_heterogeneity.tsv	readr; dplyr; stringr; purrr; tibble; tidyr	runnable_after_project_root_argument_not_tested	not_run_documentation_only	no	Duplicate preserved in focused frozen-gene reconstruction subfolder.
frozen_gene_reconstruction/06C_Power_analysis.R	04_locked_anchor_gene_selection	Focused reconstruction copy of canonical Step06C	gene_heterogeneity.tsv; optional core_gene_set.tsv	05_score/anchors/gene_power.tsv	readr; dplyr	runnable_after_project_root_argument_not_tested	not_run_documentation_only	no	Duplicate preserved in focused frozen-gene reconstruction subfolder.
frozen_gene_reconstruction/07_weight_estimation.R	05_weight_estimation	Focused reconstruction copy of canonical Step07	core_gene_set.tsv; gene_heterogeneity.tsv; gene_power.tsv	05_score/anchors/gene_weights.tsv	readr; dplyr	runnable_after_project_root_argument_not_tested	not_run_documentation_only	no	Duplicate preserved in focused frozen-gene reconstruction subfolder.
frozen_gene_reconstruction/check_frozen_gene_weights_reproducibility_TEMPLATE.R	05_weight_estimation_optional_check	Compare a future regenerated coefficient table with the released frozen coefficients	released frozen_gene_weights.tsv; optional regenerated gene_weights.tsv	results_release_templates/manifests/frozen_gene_weights_reproducibility_check.tsv	readr; dplyr; tibble	requires_staged_path_update	not_run_documentation_only	no	Optional template only; not called by default runner and does not refit IMRS.
