"file"	"path_prefix_replacements"	"replacement_token"	"rows_before"	"rows_after"	"columns_before"	"columns_after"	"only_expected_prefix_replacement_yes_no"	"scientific_numeric_fields_modified"
"data\derived\figure_inputs\gene_dominance_summary.tsv"	"70"	"<upstream_project_root>"	"70"	"70"	"20"	"20"	"yes"	"no; path-valued provenance string replacement only"
"data\derived\figure_inputs\five_anchor_leave_one_anchor_out_contrast_details.tsv"	"40"	"<upstream_project_root>"	"40"	"40"	"35"	"35"	"yes"	"no; path-valued provenance string replacement only"
"data\derived\figure_inputs\threshold_sensitivity_contrast_deltas.tsv"	"1260"	"<upstream_project_root>"	"1260"	"1260"	"31"	"31"	"yes"	"no; path-valued provenance string replacement only"
"data\derived\figure_inputs\leave_one_gene_out_summary.tsv"	"1750"	"<upstream_project_root>"	"1750"	"1750"	"23"	"23"	"yes"	"no; path-valued provenance string replacement only"
"data\derived\figure_inputs\label_permutation_null_summary.tsv"	"70"	"<upstream_project_root>"	"70"	"70"	"31"	"31"	"yes"	"no; path-valued provenance string replacement only"
"data\derived\figure_inputs\coefficient_sensitivity_summary.tsv"	"15"	"<upstream_project_root>"	"15"	"15"	"4"	"4"	"yes"	"no; path-valued provenance string replacement only"
"data\derived\figure_inputs\baseline_signature_contrast_long.tsv"	"280"	"<upstream_project_root>"	"280"	"280"	"18"	"18"	"yes"	"no; path-valued provenance string replacement only"
"data\derived\figure_inputs\step09_split_eval.tsv"	"70"	"<upstream_project_root>"	"70"	"70"	"30"	"30"	"yes"	"no; path-valued provenance string replacement only"
"data\derived\figure_inputs\manuscript_dataset_role_table.tsv"	"70"	"<upstream_project_root>"	"70"	"70"	"42"	"42"	"yes"	"no; path-valued provenance string replacement only"
